host,ip,port,country,region
14.145.131.83:8000,14.145.131.83,8000,CN,Guangdong
42.237.24.5:9999,42.237.24.5,9999,CN,Henan
222.188.164.130:4022,222.188.164.130,4022,CN,Jiangsu
124.64.220.218:8686,124.64.220.218,8686,CN,Beijing
117.86.51.165:7777,117.86.51.165,7777,CN,Jiangsu
113.65.178.244:10000,113.65.178.244,10000,CN,Guangdong
120.0.44.212:9999,120.0.44.212,9999,CN,Hebei
113.228.90.91:9527,113.228.90.91,9527,CN,Liaoning
113.65.124.131:9527,113.65.124.131,9527,CN,Guangdong
183.188.108.192:9999,183.188.108.192,9999,CN,Shanxi
112.233.46.120:4567,112.233.46.120,4567,CN,Shandong
183.188.108.130:9999,183.188.108.130,9999,CN,Shanxi
101.204.204.251:4022,101.204.204.251,4022,CN,Sichuan
27.9.90.149:8001,27.9.90.149,8001,CN,Chongqing
58.35.69.187:8001,58.35.69.187,8001,CN,Shanghai
60.223.72.157:8001,60.223.72.157,8001,CN,Shanxi
49.77.20.134:8118,49.77.20.134,8118,CN,Jiangsu
121.230.33.64:8000,121.230.33.64,8000,CN,Jiangsu
171.95.8.116:8000,171.95.8.116,8000,CN,Sichuan
123.5.151.214:8090,123.5.151.214,8090,CN,Henan
223.166.87.123:8181,223.166.87.123,8181,CN,Shanghai
59.174.161.184:8686,59.174.161.184,8686,CN,Hubei
125.120.122.18:8686,125.120.122.18,8686,CN,Zhejiang
1.85.225.111:8686,1.85.225.111,8686,CN,Shaanxi
58.19.32.207:4022,58.19.32.207,4022,CN,Hubei
113.17.153.242:8001,113.17.153.242,8001,CN,"Guangxi Zhuangzu"
58.35.69.165:8001,58.35.69.165,8001,CN,Shanghai
211.158.152.97:8008,211.158.152.97,8008,CN,Chongqing
58.35.69.179:8001,58.35.69.179,8001,CN,Shanghai
125.104.147.189:4022,125.104.147.189,4022,CN,Zhejiang
58.17.134.3:8002,58.17.134.3,8002,CN,Chongqing
183.189.132.118:4022,183.189.132.118,4022,CN,Shanxi
183.185.239.137:8001,183.185.239.137,8001,CN,Shanxi
42.226.127.23:6666,42.226.127.23,6666,CN,Henan
60.187.95.36:8088,60.187.95.36,8088,CN,Zhejiang
222.139.123.137:10000,222.139.123.137,10000,CN,Henan
171.117.186.220:8002,171.117.186.220,8002,CN,Shanxi
218.74.4.238:8090,218.74.4.238,8090,CN,Zhejiang
27.9.90.175:8001,27.9.90.175,8001,CN,Chongqing
110.255.26.130:8088,110.255.26.130,8088,CN,Hebei
139.227.112.109:8001,139.227.112.109,8001,CN,Shanghai
183.185.51.65:89,183.185.51.65,89,CN,Shanxi
27.14.159.146:10000,27.14.159.146,10000,CN,Chongqing
27.11.58.9:8002,27.11.58.9,8002,CN,Chongqing
183.191.188.97:8001,183.191.188.97,8001,CN,Shanxi
14.109.227.73:8181,14.109.227.73,8181,CN,Chongqing
27.11.53.248:8001,27.11.53.248,8001,CN,Chongqing
183.164.37.9:4022,183.164.37.9,4022,CN,Anhui
58.35.41.124:8001,58.35.41.124,8001,CN,Shanghai
58.35.41.118:8001,58.35.41.118,8001,CN,Shanghai
27.11.53.248:8002,27.11.53.248,8002,CN,Chongqing
14.109.230.62:8181,14.109.230.62,8181,CN,Chongqing
60.161.188.215:5555,60.161.188.215,5555,CN,Yunnan
116.235.169.115:8001,116.235.169.115,8001,CN,Shanghai
221.218.13.150:8000,221.218.13.150,8000,CN,Beijing
36.44.78.180:5554,36.44.78.180,5554,CN,Shaanxi
202.105.239.77:8181,202.105.239.77,8181,CN,Guangdong
221.233.106.208:88,221.233.106.208,88,CN,Hubei
221.233.106.208:88,221.233.106.208,88,CN,Hubei
183.146.120.97:8001,183.146.120.97,8001,CN,Zhejiang
60.223.72.84:8002,60.223.72.84,8002,CN,Shanxi
60.223.72.114:8002,60.223.72.114,8002,CN,Shanxi
223.166.245.162:8001,223.166.245.162,8001,CN,Shanghai
123.5.147.185:8090,123.5.147.185,8090,CN,Henan
120.237.43.217:5050,120.237.43.217,5050,CN,Beijing
171.122.158.170:8084,171.122.158.170,8084,CN,Shanxi
171.122.158.170:8084,171.122.158.170,8084,CN,Shanxi
27.207.236.223:5443,27.207.236.223,5443,CN,Shandong
118.248.193.253:8889,118.248.193.253,8889,CN,Hunan
14.109.227.236:8181,14.109.227.236,8181,CN,Chongqing
221.225.84.68:4000,221.225.84.68,4000,CN,Jiangsu
113.81.250.81:8081,113.81.250.81,8081,CN,Guangdong
219.159.153.87:8001,219.159.153.87,8001,CN,"Guangxi Zhuangzu"
113.120.96.104:7002,113.120.96.104,7002,CN,Shandong
39.77.20.145:4000,39.77.20.145,4000,CN,Shandong
110.191.138.107:8078,110.191.138.107,8078,CN,Sichuan
115.203.85.68:8088,115.203.85.68,8088,CN,Zhejiang
183.162.104.127:4022,183.162.104.127,4022,CN,Anhui
119.41.22.16:4022,119.41.22.16,4022,CN,Hainan
222.184.185.106:8181,222.184.185.106,8181,CN,Jiangsu
122.117.210.102:4040,122.117.210.102,4040,CN,TW
14.212.144.37:5555,14.212.144.37,5555,CN,Guangdong
27.11.58.9:8001,27.11.58.9,8001,CN,Chongqing
113.25.106.173:10000,113.25.106.173,10000,CN,Shanxi
27.8.9.96:8002,27.8.9.96,8002,CN,Chongqing
49.71.158.19:4022,49.71.158.19,4022,CN,Jiangsu
111.199.194.16:4022,111.199.194.16,4022,CN,Beijing
183.185.206.146:8083,183.185.206.146,8083,CN,Shanxi
114.233.242.91:4000,114.233.242.91,4000,CN,Jiangsu
221.235.236.167:8001,221.235.236.167,8001,CN,Hubei
yahao.myqnapcloud.com:4022,14.19.178.5,4022,CN,Guangdong
123.118.58.175:8686,123.118.58.175,8686,CN,Beijing
171.83.107.119:5555,171.83.107.119,5555,CN,Hubei
27.10.215.201:8008,27.10.215.201,8008,CN,Chongqing
116.30.251.248:9876,116.30.251.248,9876,CN,Guangdong
58.35.15.90:8001,58.35.15.90,8001,CN,Shanghai
58.35.15.79:8001,58.35.15.79,8001,CN,Shanghai
120.6.120.233:8088,120.6.120.233,8088,CN,Hebei
39.71.227.48:6688,39.71.227.48,6688,CN,Shandong
123.112.242.16:5555,123.112.242.16,5555,CN,Beijing
223.166.86.22:8181,223.166.86.22,8181,CN,Shanghai
182.134.148.108:8100,182.134.148.108,8100,CN,Sichuan
58.35.41.120:8001,58.35.41.120,8001,CN,Shanghai
14.19.159.131:8100,14.19.159.131,8100,CN,Guangdong
125.67.190.113:8100,125.67.190.113,8100,CN,Sichuan
14.121.144.221:10000,14.121.144.221,10000,CN,Guangdong
220.173.138.163:8081,220.173.138.163,8081,CN,"Guangxi Zhuangzu"
27.10.211.235:8001,27.10.211.235,8001,CN,Chongqing
27.8.9.96:8001,27.8.9.96,8001,CN,Chongqing
124.163.112.109:6001,124.163.112.109,6001,CN,Shanxi
171.122.158.170:8082,171.122.158.170,8082,CN,Shanxi
121.238.65.223:8001,121.238.65.223,8001,CN,Jiangsu
58.35.15.86:8001,58.35.15.86,8001,CN,Shanghai
58.35.15.76:8001,58.35.15.76,8001,CN,Shanghai
171.120.53.110:4022,171.120.53.110,4022,CN,Shanxi
117.91.123.78:8100,117.91.123.78,8100,CN,Jiangsu
183.222.206.195:4000,183.222.206.195,4000,CN,Sichuan
183.52.221.121:4000,183.52.221.121,4000,CN,Guangdong
113.104.4.54:500,113.104.4.54,500,CN,Guangdong
171.213.176.3:8060,171.213.176.3,8060,CN,Sichuan
123.112.162.134:4022,123.112.162.134,4022,CN,Beijing
114.244.70.81:4022,114.244.70.81,4022,CN,Beijing
171.127.250.192:8084,171.127.250.192,8084,CN,Shanxi
27.9.90.175:8002,27.9.90.175,8002,CN,Chongqing
27.9.90.149:8002,27.9.90.149,8002,CN,Chongqing
27.11.194.28:8008,27.11.194.28,8008,CN,Chongqing
27.10.211.235:8002,27.10.211.235,8002,CN,Chongqing
221.13.233.16:8899,221.13.233.16,8899,CN,Henan
221.202.235.159:9003,221.202.235.159,9003,CN,Liaoning
60.223.72.114:8001,60.223.72.114,8001,CN,Shanxi
115.212.187.142:7912,115.212.187.142,7912,CN,Zhejiang
114.222.8.67:8001,114.222.8.67,8001,CN,Jiangsu
106.116.243.138:9999,106.116.243.138,9999,CN,Hebei
42.59.206.253:4022,42.59.206.253,4022,CN,Liaoning
27.11.194.172:8008,27.11.194.172,8008,CN,Chongqing
171.222.155.220:8088,171.222.155.220,8088,CN,Sichuan
116.235.169.119:8001,116.235.169.119,8001,CN,Shanghai
223.198.241.185:4000,223.198.241.185,4000,CN,Hainan
60.216.165.189:6688,60.216.165.189,6688,CN,Shandong
111.23.136.71:9443,111.23.136.71,9443,CN,Beijing
58.62.234.243:10000,58.62.234.243,10000,CN,Guangdong
221.218.156.54:8888,221.218.156.54,8888,CN,Beijing
113.12.63.91:10001,113.12.63.91,10001,CN,"Guangxi Zhuangzu"
139.227.78.40:8001,139.227.78.40,8001,CN,Shanghai
112.66.140.0:8888,112.66.140.0,8888,CN,Hainan
111.193.232.78:8888,111.193.232.78,8888,CN,Beijing
221.232.102.20:10001,221.232.102.20,10001,CN,Hubei
211.158.48.166:8007,211.158.48.166,8007,CN,Chongqing
182.121.40.18:8090,182.121.40.18,8090,CN,Henan
220.192.1.133:8008,220.192.1.133,8008,CN,Chongqing
42.235.87.51:8090,42.235.87.51,8090,CN,Henan
221.218.158.51:8888,221.218.158.51,8888,CN,Beijing
183.184.41.145:8003,183.184.41.145,8003,CN,Shanxi
112.66.103.68:8888,112.66.103.68,8888,CN,Hainan
36.56.204.14:111,36.56.204.14,111,CN,Anhui
211.158.48.166:8008,211.158.48.166,8008,CN,Chongqing
49.69.254.82:8088,49.69.254.82,8088,CN,Jiangsu
1.82.70.113:8015,1.82.70.113,8015,CN,Shaanxi
27.24.91.219:60001,27.24.91.219,60001,CN,Hubei
111.172.27.119:8888,111.172.27.119,8888,CN,Hubei
111.193.227.32:8888,111.193.227.32,8888,CN,Beijing
27.11.195.111:8008,27.11.195.111,8008,CN,Chongqing
113.120.108.132:4000,113.120.108.132,4000,CN,Shandong
223.166.87.53:8181,223.166.87.53,8181,CN,Shanghai
112.66.97.68:8888,112.66.97.68,8888,CN,Hainan
123.149.2.67:8800,123.149.2.67,8800,CN,Henan
124.128.25.146:8888,124.128.25.146,8888,CN,Shandong
220.176.218.151:9000,220.176.218.151,9000,CN,Jiangxi
58.17.134.3:8001,58.17.134.3,8001,CN,Chongqing
119.41.34.196:10000,119.41.34.196,10000,CN,Hainan
118.77.42.108:8084,118.77.42.108,8084,CN,Shanxi
111.179.208.182:8090,111.179.208.182,8090,CN,Hubei
114.231.131.216:4022,114.231.131.216,4022,CN,Jiangsu
39.64.220.14:4022,39.64.220.14,4022,CN,Shandong
36.34.210.109:4000,36.34.210.109,4000,CN,Anhui
117.63.157.150:8888,117.63.157.150,8888,CN,Jiangsu
59.60.76.67:8686,59.60.76.67,8686,CN,Fujian
112.246.151.102:8000,112.246.151.102,8000,CN,Shandong
113.95.141.235:554,113.95.141.235,554,CN,Guangdong
119.176.141.78:4000,119.176.141.78,4000,CN,Shandong
171.213.212.149:8800,171.213.212.149,8800,CN,Sichuan
36.49.54.91:4022,36.49.54.91,4022,CN,Jilin
139.227.17.7:4022,139.227.17.7,4022,CN,Shanghai
14.212.133.12:4022,14.212.133.12,4022,CN,Guangdong
113.95.137.97:554,113.95.137.97,554,CN,Guangdong
223.72.115.151:8888,223.72.115.151,8888,CN,Beijing
58.63.66.118:8888,58.63.66.118,8888,CN,Guangdong
221.235.195.120:8883,221.235.195.120,8883,CN,Hubei
113.118.135.103:9999,113.118.135.103,9999,CN,Guangdong
36.46.98.88:8015,36.46.98.88,8015,CN,Shaanxi
218.89.75.168:8888,218.89.75.168,8888,CN,Sichuan
27.18.153.170:8888,27.18.153.170,8888,CN,Hubei
14.155.128.253:8888,14.155.128.253,8888,CN,Guangdong
171.213.225.182:8800,171.213.225.182,8800,CN,Sichuan
222.214.176.100:8888,222.214.176.100,8888,CN,Sichuan
182.85.68.237:8880,182.85.68.237,8880,CN,Jiangxi
106.80.125.179:7788,106.80.125.179,7788,CN,Chongqing
1.82.70.113:8009,1.82.70.113,8009,CN,Shaanxi
139.227.17.9:4022,139.227.17.9,4022,CN,Shanghai
115.192.112.24:8888,115.192.112.24,8888,CN,Zhejiang
114.254.72.97:4022,114.254.72.97,4022,CN,Beijing
1.28.65.63:8888,1.28.65.63,8888,CN,"Nei Mongol"
113.224.166.174:5555,113.224.166.174,5555,CN,Liaoning
183.185.152.12:8003,183.185.152.12,8003,CN,Shanxi
114.96.143.3:8888,114.96.143.3,8888,CN,Anhui
117.86.159.160:9000,117.86.159.160,9000,CN,Jiangsu
221.1.244.148:8888,221.1.244.148,8888,CN,Shandong
183.7.146.157:8886,183.7.146.157,8886,CN,Guangdong
121.204.54.42:8848,121.204.54.42,8848,CN,Fujian
114.97.215.229:8888,114.97.215.229,8888,CN,Anhui
115.199.187.32:8888,115.199.187.32,8888,CN,Zhejiang
218.89.75.8:8888,218.89.75.8,8888,CN,Sichuan
218.5.62.57:6666,218.5.62.57,6666,CN,Fujian
182.129.35.206:8888,182.129.35.206,8888,CN,Sichuan
125.67.90.231:8888,125.67.90.231,8888,CN,Sichuan
222.214.183.200:8888,222.214.183.200,8888,CN,Sichuan
221.232.103.226:8686,221.232.103.226,8686,CN,Hubei
114.217.183.130:8888,114.217.183.130,8888,CN,Jiangsu
221.198.185.136:8888,221.198.185.136,8888,CN,Tianjin
182.129.35.195:8888,182.129.35.195,8888,CN,Sichuan
14.155.220.103:8888,14.155.220.103,8888,CN,Guangdong
119.100.144.130:10000,119.100.144.130,10000,CN,Hubei
116.230.212.204:8222,116.230.212.204,8222,CN,Shanghai
www.160638.xyz:8888,171.213.154.183,8888,CN,Sichuan
180.111.29.48:8888,180.111.29.48,8888,CN,Jiangsu
219.144.150.39:10000,219.144.150.39,10000,CN,Shaanxi
36.36.155.162:9000,36.36.155.162,9000,CN,Guangdong
180.111.28.242:8888,180.111.28.242,8888,CN,Jiangsu
58.37.29.210:9001,58.37.29.210,9001,CN,Shanghai
115.193.31.212:9999,115.193.31.212,9999,CN,Zhejiang
115.193.46.186:9999,115.193.46.186,9999,CN,Zhejiang
115.197.243.207:8888,115.197.243.207,8888,CN,Zhejiang
180.111.28.216:8888,180.111.28.216,8888,CN,Jiangsu
222.214.183.221:8888,222.214.183.221,8888,CN,Sichuan
114.232.9.104:4022,114.232.9.104,4022,CN,Jiangsu
115.171.18.192:9000,115.171.18.192,9000,CN,Beijing
58.46.203.122:4022,58.46.203.122,4022,CN,Hunan
219.128.39.148:7788,219.128.39.148,7788,CN,Guangdong
222.95.12.2:4022,222.95.12.2,4022,CN,Jiangsu
115.205.74.165:9999,115.205.74.165,9999,CN,Zhejiang
220.167.116.7:8888,220.167.116.7,8888,CN,Sichuan
116.5.238.196:8000,116.5.238.196,8000,CN,Guangdong
171.117.186.220:8003,171.117.186.220,8003,CN,Shanxi
115.171.216.23:4000,115.171.216.23,4000,CN,Beijing
171.213.154.183:8888,171.213.154.183,8888,CN,Sichuan
58.247.24.150:9009,58.247.24.150,9009,CN,Shanghai
61.169.183.68:4022,61.169.183.68,4022,CN,Shanghai
112.246.161.215:4022,112.246.161.215,4022,CN,Shandong
60.168.244.209:4022,60.168.244.209,4022,CN,Anhui
180.105.184.181:4000,180.105.184.181,4000,CN,Jiangsu
111.193.227.18:4022,111.193.227.18,4022,CN,Beijing
117.176.233.63:8888,117.176.233.63,8888,CN,Beijing
221.198.101.128:4022,221.198.101.128,4022,CN,Tianjin
171.95.23.234:8888,171.95.23.234,8888,CN,Sichuan
118.120.181.243:9000,118.120.181.243,9000,CN,Sichuan
175.43.106.233:4022,175.43.106.233,4022,CN,Fujian
171.116.210.89:8003,171.116.210.89,8003,CN,Shanxi
111.172.26.242:8888,111.172.26.242,8888,CN,Hubei
14.155.233.141:8686,14.155.233.141,8686,CN,Guangdong
39.84.68.180:4000,39.84.68.180,4000,CN,Shandong
39.84.68.219:4000,39.84.68.219,4000,CN,Shandong
171.117.186.220:8004,171.117.186.220,8004,CN,Shanxi
27.9.90.175:8004,27.9.90.175,8004,CN,Chongqing
27.9.90.149:8004,27.9.90.149,8004,CN,Chongqing
42.52.148.10:8888,42.52.148.10,8888,CN,Liaoning
113.128.202.248:4022,113.128.202.248,4022,CN,Shandong
219.128.40.225:4022,219.128.40.225,4022,CN,Guangdong
221.232.41.206:8888,221.232.41.206,8888,CN,Hubei
218.1.145.4:8888,218.1.145.4,8888,CN,Shanghai
114.236.247.121:8108,114.236.247.121,8108,CN,Jiangsu
219.155.195.181:8888,219.155.195.181,8888,CN,Henan
123.52.74.33:8888,123.52.74.33,8888,CN,Henan
117.86.50.121:7777,117.86.50.121,7777,CN,Jiangsu
125.66.56.148:4000,125.66.56.148,4000,CN,Sichuan
117.88.255.199:8888,117.88.255.199,8888,CN,Jiangsu
117.86.49.60:7777,117.86.49.60,7777,CN,Jiangsu
123.118.98.141:4022,123.118.98.141,4022,CN,Beijing
221.233.156.10:9000,221.233.156.10,9000,CN,Hubei
183.188.109.166:8888,183.188.109.166,8888,CN,Shanxi
183.191.188.97:8005,183.191.188.97,8005,CN,Shanxi
117.64.102.164:4022,117.64.102.164,4022,CN,Anhui
49.64.40.189:4000,49.64.40.189,4000,CN,Jiangsu
49.69.75.236:8108,49.69.75.236,8108,CN,Jiangsu
114.243.99.201:8888,114.243.99.201,8888,CN,Beijing
112.82.118.7:8108,112.82.118.7,8108,CN,Jiangsu
112.82.118.53:8108,112.82.118.53,8108,CN,Jiangsu
42.231.67.110:8800,42.231.67.110,8800,CN,Henan
112.111.78.157:4022,112.111.78.157,4022,CN,Fujian
36.49.51.237:4022,36.49.51.237,4022,CN,Jilin
60.168.245.139:9090,60.168.245.139,9090,CN,Anhui
183.92.94.28:8888,183.92.94.28,8888,CN,Hubei
118.79.252.91:8888,118.79.252.91,8888,CN,Shanxi
175.9.33.147:8888,175.9.33.147,8888,CN,Hunan
118.113.24.235:8000,118.113.24.235,8000,CN,Sichuan
27.18.159.185:8888,27.18.159.185,8888,CN,Hubei
118.122.34.143:8888,118.122.34.143,8888,CN,Sichuan
27.18.119.28:8888,27.18.119.28,8888,CN,Hubei
183.243.90.98:8890,183.243.90.98,8890,CN,Beijing
117.91.123.78:9000,117.91.123.78,9000,CN,Jiangsu
171.213.207.8:8888,171.213.207.8,8888,CN,Sichuan
36.49.52.116:8800,36.49.52.116,8800,CN,Jilin
61.48.6.63:4022,61.48.6.63,4022,CN,Beijing
125.75.47.113:8888,125.75.47.113,8888,CN,Gansu
125.93.110.201:8888,125.93.110.201,8888,CN,Guangdong
124.128.25.149:8888,124.128.25.149,8888,CN,Shandong
175.0.64.34:8989,175.0.64.34,8989,CN,Hunan
123.5.47.202:8800,123.5.47.202,8800,CN,Henan
221.202.235.159:9004,221.202.235.159,9004,CN,Liaoning
222.141.134.56:8888,222.141.134.56,8888,CN,Henan
175.163.103.127:8888,175.163.103.127,8888,CN,Liaoning
180.112.88.223:8800,180.112.88.223,8800,CN,Jiangsu
119.136.113.90:8888,119.136.113.90,8888,CN,Guangdong
183.188.108.192:8888,183.188.108.192,8888,CN,Shanxi
113.223.25.245:9000,113.223.25.245,9000,CN,Hunan
221.218.13.150:8888,221.218.13.150,8888,CN,Beijing
182.129.35.209:8888,182.129.35.209,8888,CN,Sichuan
180.143.141.118:10000,180.143.141.118,10000,CN,"Guangxi Zhuangzu"
117.10.133.125:8888,117.10.133.125,8888,CN,Tianjin
180.112.95.112:8800,180.112.95.112,8800,CN,Jiangsu
113.233.42.243:8866,113.233.42.243,8866,CN,Liaoning
106.43.102.129:8880,106.43.102.129,8880,CN,Guizhou
121.238.18.106:8888,121.238.18.106,8888,CN,Jiangsu
123.235.206.104:4000,123.235.206.104,4000,CN,Shandong
223.10.214.111:6000,223.10.214.111,6000,CN,Shanxi
36.101.5.198:554,36.101.5.198,554,CN,Hainan
121.232.71.87:8888,121.232.71.87,8888,CN,Jiangsu
111.30.75.190:8888,111.30.75.190,8888,CN,Tianjin
27.19.237.29:9100,27.19.237.29,9100,CN,Hubei
182.114.137.129:8800,182.114.137.129,8800,CN,Henan
47.100.172.11:4022,47.100.172.11,4022,CN,Shanghai
121.239.19.235:4022,121.239.19.235,4022,CN,Jiangsu
171.11.196.50:8800,171.11.196.50,8800,CN,Henan
27.18.251.217:8888,27.18.251.217,8888,CN,Hubei
112.105.10.153:8888,112.105.10.153,8888,CN,TW
112.237.231.118:8888,112.237.231.118,8888,CN,Shandong
183.162.104.91:4022,183.162.104.91,4022,CN,Anhui
39.78.214.233:8888,39.78.214.233,8888,CN,Shandong
118.193.115.18:4000,118.193.115.18,4000,CN,Beijing
125.76.174.26:10001,125.76.174.26,10001,CN,Shaanxi
175.0.64.97:8888,175.0.64.97,8888,CN,Hunan
121.237.244.68:8888,121.237.244.68,8888,CN,Jiangsu
27.10.89.131:4022,27.10.89.131,4022,CN,Chongqing
123.233.214.58:8888,123.233.214.58,8888,CN,Shandong
121.238.175.103:9999,121.238.175.103,9999,CN,Jiangsu
119.41.35.21:10000,119.41.35.21,10000,CN,Hainan
114.245.180.193:4022,114.245.180.193,4022,CN,Beijing
219.156.210.92:10000,219.156.210.92,10000,CN,Henan
117.139.93.105:8888,117.139.93.105,8888,CN,Beijing
106.80.125.183:7788,106.80.125.183,7788,CN,Chongqing
114.218.93.202:8800,114.218.93.202,8800,CN,Jiangsu
122.246.149.0:7777,122.246.149.0,7777,CN,Zhejiang
180.111.28.53:8888,180.111.28.53,8888,CN,Jiangsu
180.111.28.53:8888,180.111.28.53,8888,CN,Jiangsu
182.112.74.226:8888,182.112.74.226,8888,CN,Henan
182.135.34.172:888,182.135.34.172,888,CN,Sichuan
123.116.130.29:8000,123.116.130.29,8000,CN,Beijing
123.114.62.187:8000,123.114.62.187,8000,CN,Beijing
123.116.130.36:8000,123.116.130.36,8000,CN,Beijing
123.134.44.26:9000,123.134.44.26,9000,CN,Shandong
60.187.77.178:8888,60.187.77.178,8888,CN,Zhejiang
118.79.139.239:6000,118.79.139.239,6000,CN,Shanxi
123.186.228.228:8686,123.186.228.228,8686,CN,Liaoning
39.85.54.173:10000,39.85.54.173,10000,CN,Shandong
223.105.46.150:4000,223.105.46.150,4000,CN,Jiangsu
14.19.178.5:4022,14.19.178.5,4022,CN,Guangdong
116.233.228.5:34567,116.233.228.5,34567,CN,Shanghai
183.7.151.108:5555,183.7.151.108,5555,CN,Guangdong
124.116.170.138:8081,124.116.170.138,8081,CN,Shaanxi
49.71.119.174:8800,49.71.119.174,8800,CN,Jiangsu
221.223.23.109:8888,221.223.23.109,8888,CN,Beijing
124.163.164.117:8888,124.163.164.117,8888,CN,Shanxi
223.198.15.9:8888,223.198.15.9,8888,CN,Hainan
125.66.88.30:8888,125.66.88.30,8888,CN,Sichuan
116.4.40.170:10000,116.4.40.170,10000,CN,Guangdong
14.145.179.142:8888,14.145.179.142,8888,CN,Guangdong
113.25.105.225:10000,113.25.105.225,10000,CN,Shanxi
49.77.142.199:888,49.77.142.199,888,CN,Jiangsu
101.204.61.201:888,101.204.61.201,888,CN,Sichuan
125.34.217.51:8000,125.34.217.51,8000,CN,Beijing
125.42.224.55:9999,125.42.224.55,9999,CN,Henan
221.219.65.87:8888,221.219.65.87,8888,CN,Beijing
114.225.185.201:8800,114.225.185.201,8800,CN,Jiangsu
49.66.172.39:9050,49.66.172.39,9050,CN,Jiangsu
125.107.192.19:8088,125.107.192.19,8088,CN,Zhejiang
180.165.0.15:8888,180.165.0.15,8888,CN,Shanghai
125.109.54.253:10000,125.109.54.253,10000,CN,Zhejiang
125.109.48.240:10000,125.109.48.240,10000,CN,Zhejiang
123.160.232.231:8800,123.160.232.231,8800,CN,Henan
49.66.172.39:13720,49.66.172.39,13720,CN,Jiangsu
27.11.195.111:8007,27.11.195.111,8007,CN,Chongqing
58.51.50.39:10000,58.51.50.39,10000,CN,Hubei
183.194.114.10:8888,183.194.114.10,8888,CN,Shanghai
183.21.70.244:10000,183.21.70.244,10000,CN,Guangdong
49.66.172.39:500,49.66.172.39,500,CN,Jiangsu
60.168.244.234:8888,60.168.244.234,8888,CN,Anhui
171.217.144.121:888,171.217.144.121,888,CN,Sichuan
60.26.208.35:8888,60.26.208.35,8888,CN,Tianjin
111.199.199.40:4022,111.199.199.40,4022,CN,Beijing
49.66.172.39:5984,49.66.172.39,5984,CN,Jiangsu
49.66.172.39:35342,49.66.172.39,35342,CN,Jiangsu
114.243.110.154:8888,114.243.110.154,8888,CN,Beijing
221.232.40.13:8888,221.232.40.13,8888,CN,Hubei
222.71.202.30:4000,222.71.202.30,4000,CN,Shanghai
114.240.43.180:8888,114.240.43.180,8888,CN,Beijing
219.144.150.120:10000,219.144.150.120,10000,CN,Shaanxi
182.143.100.91:8888,182.143.100.91,8888,CN,Sichuan
171.213.233.99:5555,171.213.233.99,5555,CN,Sichuan
171.213.133.158:9100,171.213.133.158,9100,CN,Sichuan
113.200.52.219:8085,113.200.52.219,8085,CN,Shaanxi
1.207.5.65:8881,1.207.5.65,8881,CN,Guizhou
171.122.158.170:8085,171.122.158.170,8085,CN,Shanxi
113.95.142.155:554,113.95.142.155,554,CN,Guangdong
118.77.42.108:8085,118.77.42.108,8085,CN,Shanxi
110.73.209.19:8888,110.73.209.19,8888,CN,"Guangxi Zhuangzu"
202.168.168.50:10001,202.168.168.50,10001,CN,Shanghai
220.175.144.248:9000,220.175.144.248,9000,CN,Jiangxi
113.200.52.214:8085,113.200.52.214,8085,CN,Shaanxi
183.7.149.0:8888,183.7.149.0,8888,CN,Guangdong
171.213.218.99:8886,171.213.218.99,8886,CN,Sichuan
27.12.223.4:9000,27.12.223.4,9000,CN,Chongqing
123.117.175.121:8118,123.117.175.121,8118,CN,Beijing
60.168.37.23:8888,60.168.37.23,8888,CN,Anhui
36.24.185.133:8888,36.24.185.133,8888,CN,Zhejiang
171.83.38.25:8888,171.83.38.25,8888,CN,Hubei
115.197.130.162:8888,115.197.130.162,8888,CN,Zhejiang
115.207.211.217:8888,115.207.211.217,8888,CN,Zhejiang
14.153.169.247:5555,14.153.169.247,5555,CN,Guangdong
111.193.228.16:8888,111.193.228.16,8888,CN,Beijing
119.45.218.183:8800,119.45.218.183,8800,CN,Jiangsu
218.89.52.33:8888,218.89.52.33,8888,CN,Sichuan
114.231.203.161:8800,114.231.203.161,8800,CN,Jiangsu
106.4.9.100:6003,106.4.9.100,6003,CN,Jiangxi
183.30.201.35:10002,183.30.201.35,10002,CN,Guangdong
42.237.23.9:10000,42.237.23.9,10000,CN,Henan
183.189.251.241:8888,183.189.251.241,8888,CN,Shanxi
218.63.144.114:4022,218.63.144.114,4022,CN,Yunnan
222.184.194.52:8000,222.184.194.52,8000,CN,Jiangsu
144.0.57.45:7004,144.0.57.45,7004,CN,Shandong
120.0.29.29:4000,120.0.29.29,4000,CN,Hebei
118.79.139.250:6000,118.79.139.250,6000,CN,Shanxi
27.184.29.251:4022,27.184.29.251,4022,CN,Hebei
222.185.150.253:4022,222.185.150.253,4022,CN,Jiangsu
58.240.91.170:1314,58.240.91.170,1314,CN,Jiangsu
223.151.248.250:4000,223.151.248.250,4000,CN,Hunan
61.142.117.179:500,61.142.117.179,500,CN,Guangdong
122.188.16.110:8123,122.188.16.110,8123,CN,Hubei
58.51.58.148:10000,58.51.58.148,10000,CN,Hubei
171.117.95.114:6001,171.117.95.114,6001,CN,Shanxi
58.37.164.52:4000,58.37.164.52,4000,CN,Shanghai
115.201.93.35:4022,115.201.93.35,4022,CN,Zhejiang
58.51.58.166:10000,58.51.58.166,10000,CN,Hubei
171.112.164.63:4022,171.112.164.63,4022,CN,Hubei
36.44.77.119:5555,36.44.77.119,5555,CN,Shaanxi
219.142.73.178:4000,219.142.73.178,4000,CN,Beijing
60.176.50.209:4022,60.176.50.209,4022,CN,Zhejiang
114.232.243.67:8848,114.232.243.67,8848,CN,Jiangsu
www.1eb.top:8888,115.197.243.207,8888,CN,Zhejiang
222.213.148.234:4022,222.213.148.234,4022,CN,Sichuan
124.163.112.186:6001,124.163.112.186,6001,CN,Shanxi
121.29.215.187:2083,121.29.215.187,2083,CN,Hebei
124.163.112.176:6001,124.163.112.176,6001,CN,Shanxi
60.2.190.206:4000,60.2.190.206,4000,CN,Hebei
183.162.96.63:4000,183.162.96.63,4000,CN,Anhui
nas.nasql10hot29.com.cn:6688,123.118.171.46,6688,CN,Beijing
223.10.214.110:6001,223.10.214.110,6001,CN,Shanxi
183.191.136.80:8005,183.191.136.80,8005,CN,Shanxi
182.140.110.94:5050,182.140.110.94,5050,CN,Sichuan
27.10.32.58:4022,27.10.32.58,4022,CN,Chongqing
183.184.43.246:8000,183.184.43.246,8000,CN,Shanxi
171.8.35.238:123,171.8.35.238,123,CN,Henan
27.8.50.163:4022,27.8.50.163,4022,CN,Chongqing
171.38.22.216:4000,171.38.22.216,4000,CN,"Guangxi Zhuangzu"
123.160.205.21:2000,123.160.205.21,2000,CN,Henan
171.125.90.184:8000,171.125.90.184,8000,CN,Shanxi
222.95.198.203:4022,222.95.198.203,4022,CN,Jiangsu
114.253.244.11:4022,114.253.244.11,4022,CN,Beijing
171.116.210.89:8004,171.116.210.89,8004,CN,Shanxi
122.234.56.184:8125,122.234.56.184,8125,CN,Zhejiang
61.134.254.119:5555,61.134.254.119,5555,CN,Shanxi
123.160.233.227:2000,123.160.233.227,2000,CN,Henan
1.31.32.124:4000,1.31.32.124,4000,CN,"Nei Mongol"
39.84.70.233:4000,39.84.70.233,4000,CN,Shandong
106.57.0.182:55555,106.57.0.182,55555,CN,Yunnan
175.0.69.213:9999,175.0.69.213,9999,CN,Hunan
14.155.243.246:4022,14.155.243.246,4022,CN,Guangdong
183.153.69.177:4022,183.153.69.177,4022,CN,Zhejiang
124.77.127.129:4022,124.77.127.129,4022,CN,Shanghai
121.226.92.82:4022,121.226.92.82,4022,CN,Jiangsu
14.153.165.69:5555,14.153.165.69,5555,CN,Guangdong
175.152.157.4:8888,175.152.157.4,8888,CN,Sichuan
112.254.3.162:55555,112.254.3.162,55555,CN,Shandong
121.234.102.223:8128,121.234.102.223,8128,CN,Jiangsu
121.23.133.201:4022,121.23.133.201,4022,CN,Hebei
49.69.74.67:8128,49.69.74.67,8128,CN,Jiangsu
114.250.21.212:55555,114.250.21.212,55555,CN,Beijing
60.168.237.222:6688,60.168.237.222,6688,CN,Anhui
49.69.76.124:8128,49.69.76.124,8128,CN,Jiangsu
106.4.8.245:6002,106.4.8.245,6002,CN,Jiangxi
14.209.201.244:8128,14.209.201.244,8128,CN,Guangdong
220.190.6.182:10000,220.190.6.182,10000,CN,Zhejiang
60.22.50.250:6688,60.22.50.250,6688,CN,Liaoning
27.223.140.6:4001,27.223.140.6,4001,CN,Shandong
61.218.250.142:11001,61.218.250.142,11001,CN,TW
113.69.129.71:33890,113.69.129.71,33890,CN,Guangdong
118.190.201.56:6001,118.190.201.56,6001,CN,Shandong
183.33.56.150:8686,183.33.56.150,8686,CN,Guangdong
113.89.246.98:4200,113.89.246.98,4200,CN,Guangdong
14.121.144.169:10000,14.121.144.169,10000,CN,Guangdong
222.131.221.244:8087,222.131.221.244,8087,CN,Beijing
182.136.87.206:8099,182.136.87.206,8099,CN,Sichuan
61.231.147.45:3128,61.231.147.45,3128,CN,TW
49.232.220.177:6001,49.232.220.177,6001,CN,Beijing
58.242.159.244:10001,58.242.159.244,10001,CN,Anhui
220.201.145.96:6688,220.201.145.96,6688,CN,Beijing
39.87.232.178:4000,39.87.232.178,4000,CN,Shandong
223.247.12.38:2000,223.247.12.38,2000,CN,Anhui
223.247.12.38:2000,223.247.12.38,2000,CN,Anhui
219.139.231.29:4022,219.139.231.29,4022,CN,Hubei
116.147.106.167:8118,116.147.106.167,8118,CN,Beijing
221.202.235.159:9006,221.202.235.159,9006,CN,Liaoning
219.155.63.226:8866,219.155.63.226,8866,CN,Henan
123.118.171.46:6688,123.118.171.46,6688,CN,Beijing
171.213.153.8:8899,171.213.153.8,8899,CN,Sichuan
223.10.214.110:6000,223.10.214.110,6000,CN,Shanxi
202.105.14.142:55555,202.105.14.142,55555,CN,Guangdong
39.87.233.138:4000,39.87.233.138,4000,CN,Shandong
218.18.7.32:55555,218.18.7.32,55555,CN,Guangdong
8.148.84.152:55555,8.148.84.152,55555,CN,Zhejiang
183.7.150.194:8888,183.7.150.194,8888,CN,Guangdong
183.30.202.181:8000,183.30.202.181,8000,CN,Guangdong
171.213.216.59:3333,171.213.216.59,3333,CN,Sichuan
183.129.85.132:9999,183.129.85.132,9999,CN,Zhejiang
183.141.242.128:9999,183.141.242.128,9999,CN,Zhejiang
183.142.105.56:8888,183.142.105.56,8888,CN,Zhejiang
123.114.203.116:55555,123.114.203.116,55555,CN,Beijing
183.185.105.203:8082,183.185.105.203,8082,CN,Shanxi
183.188.127.151:8888,183.188.127.151,8888,CN,Shanxi
27.8.192.236:4022,27.8.192.236,4022,CN,Chongqing
125.118.116.6:4000,125.118.116.6,4000,CN,Zhejiang
221.201.194.246:8099,221.201.194.246,8099,CN,Liaoning
221.202.235.159:9008,221.202.235.159,9008,CN,Liaoning
221.202.235.159:9009,221.202.235.159,9009,CN,Liaoning
223.76.189.164:4022,223.76.189.164,4022,CN,Hubei
183.7.144.202:8886,183.7.144.202,8886,CN,Guangdong
171.213.171.183:4200,171.213.171.183,4200,CN,Sichuan
171.113.231.129:12345,171.113.231.129,12345,CN,Hubei
182.143.101.222:40000,182.143.101.222,40000,CN,Sichuan
182.143.101.218:40000,182.143.101.218,40000,CN,Sichuan
125.108.113.176:7778,125.108.113.176,7778,CN,Zhejiang
27.21.24.196:4022,27.21.24.196,4022,CN,Hubei
183.191.136.80:8004,183.191.136.80,8004,CN,Shanxi
58.253.227.150:4022,58.253.227.150,4022,CN,Guangdong
119.41.32.218:10000,119.41.32.218,10000,CN,Hainan
61.169.183.66:4022,61.169.183.66,4022,CN,Shanghai
112.64.15.167:4022,112.64.15.167,4022,CN,Shanghai
1.62.83.171:8886,1.62.83.171,8886,CN,Heilongjiang
171.15.150.163:4000,171.15.150.163,4000,CN,Henan
39.84.69.108:4000,39.84.69.108,4000,CN,Shandong
171.113.251.126:4022,171.113.251.126,4022,CN,Hubei
222.223.177.226:16000,222.223.177.226,16000,CN,Hebei
112.233.88.147:4000,112.233.88.147,4000,CN,Shandong
182.127.7.45:40000,182.127.7.45,40000,CN,Henan
106.112.242.169:3000,106.112.242.169,3000,CN,Hebei
61.231.145.100:3128,61.231.145.100,3128,CN,TW
116.233.62.14:4022,116.233.62.14,4022,CN,Shanghai
110.167.31.112:4022,110.167.31.112,4022,CN,Qinghai
221.13.235.60:8899,221.13.235.60,8899,CN,Henan
180.106.161.254:4000,180.106.161.254,4000,CN,Jiangsu
220.134.52.221:3128,220.134.52.221,3128,CN,TW
119.49.2.226:3000,119.49.2.226,3000,CN,Jilin
113.100.14.243:40000,113.100.14.243,40000,CN,Guangdong
221.227.179.162:4022,221.227.179.162,4022,CN,Jiangsu
61.187.148.168:4022,61.187.148.168,4022,CN,Hunan
sdwhzzr.cn:4022,60.212.157.201,4022,CN,Shandong
124.163.112.186:6000,124.163.112.186,6000,CN,Shanxi
117.64.102.15:4022,117.64.102.15,4022,CN,Anhui
naslmd2.myqnapcloud.com:4022,123.112.208.143,4022,CN,Beijing
171.95.147.217:4000,171.95.147.217,4000,CN,Sichuan
116.113.207.138:8686,116.113.207.138,8686,CN,"Nei Mongol"
59.173.53.167:4022,59.173.53.167,4022,CN,Hubei
221.227.6.43:4000,221.227.6.43,4000,CN,Jiangsu
124.66.98.85:4022,124.66.98.85,4022,CN,Hainan
221.13.234.43:8899,221.13.234.43,8899,CN,Henan
221.227.6.46:4000,221.227.6.46,4000,CN,Jiangsu
114.254.76.186:4022,114.254.76.186,4022,CN,Beijing
14.110.101.93:4022,14.110.101.93,4022,CN,Chongqing
61.231.157.77:3128,61.231.157.77,3128,CN,TW
183.188.159.32:6000,183.188.159.32,6000,CN,Shanxi
111.167.165.193:4022,111.167.165.193,4022,CN,Tianjin
60.212.157.201:4022,60.212.157.201,4022,CN,Shandong
123.112.208.143:4022,123.112.208.143,4022,CN,Beijing
115.150.68.240:4022,115.150.68.240,4022,CN,Jiangxi
218.1.151.153:4022,218.1.151.153,4022,CN,Shanghai
125.108.126.69:7778,125.108.126.69,7778,CN,Zhejiang
122.189.16.165:8848,122.189.16.165,8848,CN,Hubei
171.213.170.130:8123,171.213.170.130,8123,CN,Sichuan
171.213.159.64:8899,171.213.159.64,8899,CN,Sichuan
27.10.213.135:8005,27.10.213.135,8005,CN,Chongqing
60.216.241.66:4022,60.216.241.66,4022,CN,Shandong
61.231.152.234:3128,61.231.152.234,3128,CN,TW
222.94.139.195:8686,222.94.139.195,8686,CN,Jiangsu
115.171.85.102:4022,115.171.85.102,4022,CN,Beijing
119.176.137.3:4000,119.176.137.3,4000,CN,Shandong
119.176.137.4:4000,119.176.137.4,4000,CN,Shandong
27.11.194.28:8007,27.11.194.28,8007,CN,Chongqing
106.118.22.122:3000,106.118.22.122,3000,CN,Hebei
113.65.176.25:10000,113.65.176.25,10000,CN,Guangdong
171.38.23.241:4000,171.38.23.241,4000,CN,"Guangxi Zhuangzu"
119.41.137.168:4022,119.41.137.168,4022,CN,Hainan
125.76.146.216:2222,125.76.146.216,2222,CN,Shaanxi
144.255.44.201:4022,144.255.44.201,4022,CN,Shandong
59.127.177.246:4040,59.127.177.246,4040,CN,TW
106.118.22.232:3000,106.118.22.232,3000,CN,Hebei
182.134.225.124:2222,182.134.225.124,2222,CN,Sichuan
117.57.38.216:4022,117.57.38.216,4022,CN,Anhui
221.13.233.207:8899,221.13.233.207,8899,CN,Henan
123.10.77.43:40000,123.10.77.43,40000,CN,Henan
221.232.243.134:40000,221.232.243.134,40000,CN,Hubei
219.142.73.179:4000,219.142.73.179,4000,CN,Beijing
36.34.209.160:4000,36.34.209.160,4000,CN,Anhui
222.209.123.93:2222,222.209.123.93,2222,CN,Sichuan
183.185.139.182:5555,183.185.139.182,5555,CN,Shanxi
49.71.158.20:4022,49.71.158.20,4022,CN,Jiangsu
39.64.117.82:4022,39.64.117.82,4022,CN,Shandong
14.153.161.140:4022,14.153.161.140,4022,CN,Guangdong
171.15.151.140:4000,171.15.151.140,4000,CN,Henan
58.242.159.249:10001,58.242.159.249,10001,CN,Anhui
123.116.143.178:8000,123.116.143.178,8000,CN,Beijing
1.62.168.97:8886,1.62.168.97,8886,CN,Heilongjiang
115.224.68.59:8000,115.224.68.59,8000,CN,Zhejiang
219.157.249.192:4000,219.157.249.192,4000,CN,Henan
175.172.170.43:8089,175.172.170.43,8089,CN,Liaoning
125.104.135.22:4022,125.104.135.22,4022,CN,Zhejiang
123.120.0.171:4022,123.120.0.171,4022,CN,Beijing
116.233.67.80:8899,116.233.67.80,8899,CN,Shanghai
106.116.126.176:4022,106.116.126.176,4022,CN,Hebei
182.125.130.51:6666,182.125.130.51,6666,CN,Henan
42.237.27.65:9999,42.237.27.65,9999,CN,Henan
219.144.150.34:10000,219.144.150.34,10000,CN,Shaanxi
219.144.150.166:10000,219.144.150.166,10000,CN,Shaanxi
61.173.159.98:4022,61.173.159.98,4022,CN,Shanghai
218.91.84.174:8888,218.91.84.174,8888,CN,Jiangsu
39.78.50.73:9527,39.78.50.73,9527,CN,Shandong
118.79.12.241:6000,118.79.12.241,6000,CN,Shanxi
202.168.168.50:10000,202.168.168.50,10000,CN,Shanghai
60.220.163.39:4022,60.220.163.39,4022,CN,Shanxi
14.112.103.41:8000,14.112.103.41,8000,CN,Guangdong
114.245.186.253:4022,114.245.186.253,4022,CN,Beijing
1.83.126.88:4022,1.83.126.88,4022,CN,Shaanxi
180.112.91.110:9527,180.112.91.110,9527,CN,Jiangsu
106.86.176.6:4022,106.86.176.6,4022,CN,Chongqing
125.35.121.96:4000,125.35.121.96,4000,CN,Beijing
183.162.112.203:20000,183.162.112.203,20000,CN,Anhui
183.164.63.159:5000,183.164.63.159,5000,CN,Anhui
124.227.113.7:10000,124.227.113.7,10000,CN,"Guangxi Zhuangzu"
183.154.246.29:4000,183.154.246.29,4000,CN,Zhejiang
14.109.231.233:8000,14.109.231.233,8000,CN,Chongqing
113.116.245.152:9999,113.116.245.152,9999,CN,Guangdong
171.213.221.117:8096,171.213.221.117,8096,CN,Sichuan
183.184.40.235:8000,183.184.40.235,8000,CN,Shanxi
27.8.237.74:8007,27.8.237.74,8007,CN,Chongqing
220.176.218.84:9000,220.176.218.84,9000,CN,Jiangxi
122.231.93.255:9999,122.231.93.255,9999,CN,Zhejiang
39.76.120.134:4567,39.76.120.134,4567,CN,Shandong
218.29.135.5:4000,218.29.135.5,4000,CN,Henan
119.100.144.130:4022,119.100.144.130,4022,CN,Hubei
123.5.171.183:7001,123.5.171.183,7001,CN,Henan
60.176.82.45:8000,60.176.82.45,8000,CN,Zhejiang
183.162.112.161:20000,183.162.112.161,20000,CN,Anhui
119.84.195.75:7777,119.84.195.75,7777,CN,Chongqing
124.128.178.236:4022,124.128.178.236,4022,CN,Shandong
221.219.74.148:8888,221.219.74.148,8888,CN,Beijing
221.232.103.229:10001,221.232.103.229,10001,CN,Hubei
221.233.110.248:8888,221.233.110.248,8888,CN,Hubei
113.200.52.218:8085,113.200.52.218,8085,CN,Shaanxi
111.196.131.68:20000,111.196.131.68,20000,CN,Beijing
222.90.31.92:8888,222.90.31.92,8888,CN,Shaanxi
183.148.85.242:4022,183.148.85.242,4022,CN,Zhejiang
112.195.89.171:5000,112.195.89.171,5000,CN,Sichuan
116.5.238.95:8000,116.5.238.95,8000,CN,Guangdong
222.141.128.216:8888,222.141.128.216,8888,CN,Henan
113.200.52.210:8085,113.200.52.210,8085,CN,Shaanxi
222.190.55.24:8888,222.190.55.24,8888,CN,Jiangsu
60.182.104.25:4022,60.182.104.25,4022,CN,Zhejiang
221.234.161.184:8899,221.234.161.184,8899,CN,Hubei
223.10.84.80:8888,223.10.84.80,8888,CN,Shanxi
115.205.86.41:9999,115.205.86.41,9999,CN,Zhejiang
113.200.52.215:8085,113.200.52.215,8085,CN,Shaanxi
223.166.240.35:4022,223.166.240.35,4022,CN,Shanghai
1.83.52.175:7000,1.83.52.175,7000,CN,Shaanxi
119.4.35.119:4022,119.4.35.119,4022,CN,Sichuan
223.215.172.68:8000,223.215.172.68,8000,CN,Anhui
115.197.176.250:4022,115.197.176.250,4022,CN,Zhejiang
58.35.123.192:3333,58.35.123.192,3333,CN,Shanghai
27.8.50.78:4022,27.8.50.78,4022,CN,Chongqing
1.83.126.127:4022,1.83.126.127,4022,CN,Shaanxi
49.64.40.241:4000,49.64.40.241,4000,CN,Jiangsu
183.30.201.76:10002,183.30.201.76,10002,CN,Guangdong
221.219.178.216:4022,221.219.178.216,4022,CN,Beijing
60.186.6.246:4022,60.186.6.246,4022,CN,Zhejiang
221.1.58.182:7000,221.1.58.182,7000,CN,Shandong
183.142.105.56:8889,183.142.105.56,8889,CN,Zhejiang
106.113.176.81:9999,106.113.176.81,9999,CN,Hebei
120.0.29.224:4000,120.0.29.224,4000,CN,Hebei
183.0.203.236:9999,183.0.203.236,9999,CN,Guangdong
112.109.206.183:9999,112.109.206.183,9999,CN,Fujian
220.190.14.81:10000,220.190.14.81,10000,CN,Zhejiang
221.220.130.93:9999,221.220.130.93,9999,CN,Beijing
219.140.6.21:7777,219.140.6.21,7777,CN,Hubei
124.163.37.219:9999,124.163.37.219,9999,CN,Shanxi
183.220.107.138:4022,183.220.107.138,4022,CN,Sichuan
58.17.134.3:8005,58.17.134.3,8005,CN,Chongqing
218.63.137.176:5060,218.63.137.176,5060,CN,Yunnan
171.213.151.47:4022,171.213.151.47,4022,CN,Sichuan
111.113.151.232:9999,111.113.151.232,9999,CN,"Ningxia Huizu"
180.113.149.76:4000,180.113.149.76,4000,CN,Jiangsu
39.65.42.57:4000,39.65.42.57,4000,CN,Shandong
124.67.68.139:4022,124.67.68.139,4022,CN,"Nei Mongol"
120.224.5.170:10000,120.224.5.170,10000,CN,Beijing
180.109.223.139:7000,180.109.223.139,7000,CN,Jiangsu
171.217.35.21:8000,171.217.35.21,8000,CN,Sichuan
119.100.147.82:8848,119.100.147.82,8848,CN,Hubei
113.235.13.50:9999,113.235.13.50,9999,CN,Liaoning
60.26.61.26:8000,60.26.61.26,8000,CN,Tianjin
125.66.56.31:4000,125.66.56.31,4000,CN,Sichuan
61.169.183.69:4022,61.169.183.69,4022,CN,Shanghai
61.169.183.70:4022,61.169.183.70,4022,CN,Shanghai
124.163.37.224:9999,124.163.37.224,9999,CN,Shanxi
36.44.76.81:5555,36.44.76.81,5555,CN,Shaanxi
42.227.123.21:7000,42.227.123.21,7000,CN,Henan
123.96.208.142:9999,123.96.208.142,9999,CN,Zhejiang
60.168.76.6:20000,60.168.76.6,20000,CN,Anhui
111.193.237.27:9999,111.193.237.27,9999,CN,Beijing
27.197.52.54:4567,27.197.52.54,4567,CN,Shandong
121.29.98.124:9999,121.29.98.124,9999,CN,Hebei
36.44.76.175:5555,36.44.76.175,5555,CN,Shaanxi
110.252.211.185:4022,110.252.211.185,4022,CN,Hebei
125.76.174.151:10001,125.76.174.151,10001,CN,Shaanxi
60.0.176.171:9999,60.0.176.171,9999,CN,Hebei
116.248.100.223:7777,116.248.100.223,7777,CN,Yunnan
112.66.227.159:9999,112.66.227.159,9999,CN,Hainan
171.213.149.15:9009,171.213.149.15,9009,CN,Sichuan
112.82.215.93:7000,112.82.215.93,7000,CN,Jiangsu
183.23.61.245:4022,183.23.61.245,4022,CN,Guangdong
124.77.179.132:8686,124.77.179.132,8686,CN,Shanghai
39.88.173.225:4000,39.88.173.225,4000,CN,Shandong
171.125.90.184:7000,171.125.90.184,7000,CN,Shanxi
221.231.23.212:4000,221.231.23.212,4000,CN,Jiangsu
119.112.109.116:4022,119.112.109.116,4022,CN,Liaoning
116.95.218.68:9999,116.95.218.68,9999,CN,"Nei Mongol"
14.109.224.68:8000,14.109.224.68,8000,CN,Chongqing
27.10.211.235:8004,27.10.211.235,8004,CN,Chongqing
14.118.74.55:10001,14.118.74.55,10001,CN,Guangdong
123.144.113.190:4022,123.144.113.190,4022,CN,Chongqing
36.46.98.88:8010,36.46.98.88,8010,CN,Shaanxi
123.97.150.171:4022,123.97.150.171,4022,CN,Zhejiang
60.3.123.183:7000,60.3.123.183,7000,CN,Hebei
60.3.123.183:7000,60.3.123.183,7000,CN,Hebei
58.32.18.145:4022,58.32.18.145,4022,CN,Shanghai
42.228.123.155:5000,42.228.123.155,5000,CN,Henan
116.116.119.215:9999,116.116.119.215,9999,CN,"Nei Mongol"
116.116.119.215:9999,116.116.119.215,9999,CN,"Nei Mongol"
125.119.40.81:9999,125.119.40.81,9999,CN,Zhejiang
183.158.217.228:4022,183.158.217.228,4022,CN,Zhejiang
183.17.237.11:4022,183.17.237.11,4022,CN,Guangdong
218.86.140.27:9527,218.86.140.27,9527,CN,Guizhou
42.228.120.144:5000,42.228.120.144,5000,CN,Henan
27.10.95.231:4022,27.10.95.231,4022,CN,Chongqing
49.65.160.11:7000,49.65.160.11,7000,CN,Jiangsu
106.4.9.100:6002,106.4.9.100,6002,CN,Jiangxi
60.168.76.2:20000,60.168.76.2,20000,CN,Anhui
49.64.40.149:4000,49.64.40.149,4000,CN,Jiangsu
42.228.120.146:5000,42.228.120.146,5000,CN,Henan
220.172.22.115:4022,220.172.22.115,4022,CN,Guizhou
171.94.102.145:5000,171.94.102.145,5000,CN,Sichuan
39.71.170.201:6998,39.71.170.201,6998,CN,Shandong
113.65.124.131:9530,113.65.124.131,9530,CN,Guangdong
114.252.229.38:8000,114.252.229.38,8000,CN,Beijing
117.24.217.8:8000,117.24.217.8,8000,CN,Fujian
123.7.227.133:9999,123.7.227.133,9999,CN,Henan
124.77.220.45:4022,124.77.220.45,4022,CN,Shanghai
183.133.122.153:9999,183.133.122.153,9999,CN,Zhejiang
219.132.164.217:8000,219.132.164.217,8000,CN,Guangdong
211.158.48.226:8010,211.158.48.226,8010,CN,Chongqing
218.15.103.203:8000,218.15.103.203,8000,CN,Guangdong
116.248.103.186:7777,116.248.103.186,7777,CN,Yunnan
222.79.176.204:4022,222.79.176.204,4022,CN,Fujian
171.213.141.78:9999,171.213.141.78,9999,CN,Sichuan
116.116.118.209:9999,116.116.118.209,9999,CN,"Nei Mongol"
14.121.144.233:10000,14.121.144.233,10000,CN,Guangdong
183.188.14.29:9999,183.188.14.29,9999,CN,Shanxi
119.185.74.56:9999,119.185.74.56,9999,CN,Shandong
115.58.149.110:7000,115.58.149.110,7000,CN,Henan
117.81.107.110:4000,117.81.107.110,4000,CN,Jiangsu
183.188.14.27:9999,183.188.14.27,9999,CN,Shanxi
113.65.178.214:10000,113.65.178.214,10000,CN,Guangdong
58.48.135.6:9999,58.48.135.6,9999,CN,Hubei
183.30.202.176:8000,183.30.202.176,8000,CN,Guangdong
115.239.56.140:9999,115.239.56.140,9999,CN,Zhejiang
183.30.202.203:8000,183.30.202.203,8000,CN,Guangdong
121.230.144.64:8000,121.230.144.64,8000,CN,Jiangsu
121.233.129.63:9876,121.233.129.63,9876,CN,Jiangsu
183.191.118.65:8005,183.191.118.65,8005,CN,Shanxi
121.235.153.38:4022,121.235.153.38,4022,CN,Jiangsu
219.128.39.159:7788,219.128.39.159,7788,CN,Guangdong
222.129.39.174:4022,222.129.39.174,4022,CN,Beijing
124.65.2.127:20000,124.65.2.127,20000,CN,Beijing
223.76.232.210:4022,223.76.232.210,4022,CN,Guangdong
43.138.5.183:10001,43.138.5.183,10001,CN,Beijing
42.231.184.2:9999,42.231.184.2,9999,CN,Henan
114.253.58.23:4022,114.253.58.23,4022,CN,Beijing
183.30.202.204:8000,183.30.202.204,8000,CN,Guangdong
106.111.132.135:7000,106.111.132.135,7000,CN,Jiangsu
123.116.139.10:8000,123.116.139.10,8000,CN,Beijing
14.145.131.110:8000,14.145.131.110,8000,CN,Guangdong
61.242.211.243:10000,61.242.211.243,10000,CN,Henan
221.223.90.145:4022,221.223.90.145,4022,CN,Beijing
122.231.96.121:9999,122.231.96.121,9999,CN,Zhejiang
180.165.22.10:9999,180.165.22.10,9999,CN,Shanghai
110.7.131.114:4022,110.7.131.114,4022,CN,"Nei Mongol"
220.172.22.30:4022,220.172.22.30,4022,CN,Guizhou
125.109.33.198:10000,125.109.33.198,10000,CN,Zhejiang
14.145.163.25:8000,14.145.163.25,8000,CN,Guangdong
1.26.26.249:9999,1.26.26.249,9999,CN,"Nei Mongol"
223.166.30.250:4000,223.166.30.250,4000,CN,Shanghai
111.167.166.115:4022,111.167.166.115,4022,CN,Tianjin
202.99.136.97:9999,202.99.136.97,9999,CN,Hebei
202.99.136.97:9999,202.99.136.97,9999,CN,Hebei
115.220.145.102:9999,115.220.145.102,9999,CN,Zhejiang
61.52.147.145:9999,61.52.147.145,9999,CN,Henan
115.239.24.139:9999,115.239.24.139,9999,CN,Zhejiang
42.237.25.118:9999,42.237.25.118,9999,CN,Henan
183.48.243.18:5050,183.48.243.18,5050,CN,Guangdong
116.248.101.164:7777,116.248.101.164,7777,CN,Yunnan
183.0.203.118:9999,183.0.203.118,9999,CN,Guangdong
182.124.174.2:10000,182.124.174.2,10000,CN,Henan
36.44.76.254:5554,36.44.76.254,5554,CN,Shaanxi
111.53.182.227:4022,111.53.182.227,4022,CN,Beijing
36.46.98.50:8010,36.46.98.50,8010,CN,Shaanxi
36.49.53.99:4022,36.49.53.99,4022,CN,Jilin
116.8.228.2:4022,116.8.228.2,4022,CN,"Guangxi Zhuangzu"
220.172.22.161:4022,220.172.22.161,4022,CN,Guizhou
27.9.90.129:8010,27.9.90.129,8010,CN,Chongqing
119.185.49.60:8500,119.185.49.60,8500,CN,Shandong
175.152.138.197:6066,175.152.138.197,6066,CN,Sichuan
112.64.15.8:4022,112.64.15.8,4022,CN,Shanghai
223.167.121.78:12000,223.167.121.78,12000,CN,Shanghai
220.188.222.194:9999,220.188.222.194,9999,CN,Zhejiang
60.168.244.246:8158,60.168.244.246,8158,CN,Anhui
211.143.142.2:4000,211.143.142.2,4000,CN,Hebei
221.3.119.100:7005,221.3.119.100,7005,CN,Shandong
27.10.213.135:8001,27.10.213.135,8001,CN,Chongqing
39.85.120.87:4022,39.85.120.87,4022,CN,Shandong
114.233.127.18:4022,114.233.127.18,4022,CN,Jiangsu
60.223.72.219:8004,60.223.72.219,8004,CN,Shanxi
60.223.72.230:8004,60.223.72.230,8004,CN,Shanxi
171.213.161.128:8123,171.213.161.128,8123,CN,Sichuan
49.232.181.26:6000,49.232.181.26,6000,CN,Beijing
106.116.126.196:4022,106.116.126.196,4022,CN,Hebei
171.213.145.133:9009,171.213.145.133,9009,CN,Sichuan
111.161.219.62:8989,111.161.219.62,8989,CN,Tianjin
121.239.144.108:4022,121.239.144.108,4022,CN,Jiangsu
171.213.149.4:6868,171.213.149.4,6868,CN,Sichuan
42.57.200.250:5555,42.57.200.250,5555,CN,Liaoning
183.191.136.80:8002,183.191.136.80,8002,CN,Shanxi
171.212.171.236:8088,171.212.171.236,8088,CN,Sichuan
60.223.72.72:8002,60.223.72.72,8002,CN,Shanxi
125.38.165.178:5002,125.38.165.178,5002,CN,Tianjin
27.11.194.229:8008,27.11.194.229,8008,CN,Chongqing
116.237.68.208:4022,116.237.68.208,4022,CN,Shanghai
27.10.213.135:8002,27.10.213.135,8002,CN,Chongqing
180.126.143.155:8088,180.126.143.155,8088,CN,Jiangsu
123.189.130.168:4022,123.189.130.168,4022,CN,Liaoning
223.166.84.253:8181,223.166.84.253,8181,CN,Shanghai
59.34.28.175:30001,59.34.28.175,30001,CN,Guangdong
115.211.241.200:8001,115.211.241.200,8001,CN,Zhejiang
221.205.186.192:8002,221.205.186.192,8002,CN,Shanxi
60.223.72.230:8002,60.223.72.230,8002,CN,Shanxi
221.233.110.248:88,221.233.110.248,88,CN,Hubei
27.10.212.26:8002,27.10.212.26,8002,CN,Chongqing
125.107.202.24:8088,125.107.202.24,8088,CN,Zhejiang
221.235.239.28:8001,221.235.239.28,8001,CN,Hubei
49.73.68.231:4000,49.73.68.231,4000,CN,Jiangsu
171.213.199.44:8818,171.213.199.44,8818,CN,Sichuan
221.205.186.192:8001,221.205.186.192,8001,CN,Shanxi
171.124.1.122:8083,171.124.1.122,8083,CN,Shanxi
211.158.49.25:8001,211.158.49.25,8001,CN,Chongqing
60.223.72.219:8002,60.223.72.219,8002,CN,Shanxi
111.179.200.108:8090,111.179.200.108,8090,CN,Hubei
223.167.245.61:8001,223.167.245.61,8001,CN,Shanghai
59.44.107.86:8001,59.44.107.86,8001,CN,Liaoning
61.188.84.238:8001,61.188.84.238,8001,CN,Sichuan
123.5.171.14:8090,123.5.171.14,8090,CN,Henan
124.167.118.22:8082,124.167.118.22,8082,CN,Shanxi
171.124.1.122:8082,171.124.1.122,8082,CN,Shanxi
125.41.171.162:4022,125.41.171.162,4022,CN,Henan
115.211.50.139:4022,115.211.50.139,4022,CN,Zhejiang
120.6.120.86:8088,120.6.120.86,8088,CN,Hebei
183.157.126.119:8090,183.157.126.119,8090,CN,Zhejiang
27.10.211.116:8008,27.10.211.116,8008,CN,Chongqing
115.210.225.89:8001,115.210.225.89,8001,CN,Zhejiang
113.16.155.251:4000,113.16.155.251,4000,CN,"Guangxi Zhuangzu"
183.184.231.87:8002,183.184.231.87,8002,CN,Shanxi
60.223.72.72:8001,60.223.72.72,8001,CN,Shanxi
113.17.153.38:8001,113.17.153.38,8001,CN,"Guangxi Zhuangzu"
27.9.90.129:8008,27.9.90.129,8008,CN,Chongqing
144.0.57.45:7002,144.0.57.45,7002,CN,Shandong
219.155.229.162:4000,219.155.229.162,4000,CN,Henan
171.213.230.24:5555,171.213.230.24,5555,CN,Sichuan
59.173.122.26:10001,59.173.122.26,10001,CN,Hubei
171.213.145.200:4022,171.213.145.200,4022,CN,Sichuan
183.188.159.32:6001,183.188.159.32,6001,CN,Shanxi
183.191.136.80:8003,183.191.136.80,8003,CN,Shanxi
118.112.61.53:6066,118.112.61.53,6066,CN,Sichuan
123.121.8.223:4000,123.121.8.223,4000,CN,Beijing
223.242.156.176:4022,223.242.156.176,4022,CN,Anhui
125.38.166.133:5002,125.38.166.133,5002,CN,Tianjin
42.232.113.61:4022,42.232.113.61,4022,CN,Henan
58.17.134.3:8004,58.17.134.3,8004,CN,Chongqing
42.224.96.191:8090,42.224.96.191,8090,CN,Henan
14.104.20.137:8181,14.104.20.137,8181,CN,Chongqing
171.117.255.204:8082,171.117.255.204,8082,CN,Shanxi
171.213.236.140:4022,171.213.236.140,4022,CN,Sichuan
111.161.218.225:8989,111.161.218.225,8989,CN,Tianjin
36.46.98.88:8025,36.46.98.88,8025,CN,Shaanxi
221.232.103.99:8989,221.232.103.99,8989,CN,Hubei
60.223.72.219:8001,60.223.72.219,8001,CN,Shanxi
183.191.136.80:8001,183.191.136.80,8001,CN,Shanxi
219.144.115.112:8686,219.144.115.112,8686,CN,Shaanxi
180.112.209.127:4000,180.112.209.127,4000,CN,Jiangsu
221.205.186.192:8005,221.205.186.192,8005,CN,Shanxi
171.15.150.162:4000,171.15.150.162,4000,CN,Henan
116.9.34.177:4000,116.9.34.177,4000,CN,"Guangxi Zhuangzu"
175.152.156.118:2715,175.152.156.118,2715,CN,Sichuan
175.152.156.117:2715,175.152.156.117,2715,CN,Sichuan
39.74.59.116:5443,39.74.59.116,5443,CN,Shandong
115.171.216.46:4000,115.171.216.46,4000,CN,Beijing
121.226.101.49:6666,121.226.101.49,6666,CN,Jiangsu
114.254.34.71:4022,114.254.34.71,4022,CN,Beijing
183.188.28.89:6001,183.188.28.89,6001,CN,Shanxi
139.227.17.160:4022,139.227.17.160,4022,CN,Shanghai
58.48.104.85:8118,58.48.104.85,8118,CN,Hubei
113.95.141.242:4022,113.95.141.242,4022,CN,Guangdong
171.222.156.190:19999,171.222.156.190,19999,CN,Sichuan
113.224.186.3:5555,113.224.186.3,5555,CN,Liaoning
39.88.158.90:1234,39.88.158.90,1234,CN,Shandong
27.10.213.135:8003,27.10.213.135,8003,CN,Chongqing
139.205.147.10:8688,139.205.147.10,8688,CN,Sichuan
106.5.100.230:6003,106.5.100.230,6003,CN,Jiangxi
124.77.92.229:4022,124.77.92.229,4022,CN,Shanghai
117.81.190.81:4000,117.81.190.81,4000,CN,Jiangsu
49.73.159.218:4022,49.73.159.218,4022,CN,Jiangsu
219.139.229.41:4022,219.139.229.41,4022,CN,Hubei
124.167.118.22:8085,124.167.118.22,8085,CN,Shanxi
112.230.47.30:4022,112.230.47.30,4022,CN,Shandong
60.223.72.230:8001,60.223.72.230,8001,CN,Shanxi
60.217.125.28:9876,60.217.125.28,9876,CN,Shandong
223.198.240.52:4000,223.198.240.52,4000,CN,Hainan
114.254.39.25:4022,114.254.39.25,4022,CN,Beijing
171.213.197.113:4000,171.213.197.113,4000,CN,Sichuan
123.14.57.49:4022,123.14.57.49,4022,CN,Henan
125.46.132.156:4000,125.46.132.156,4000,CN,Henan
218.68.54.108:4022,218.68.54.108,4022,CN,Tianjin
110.72.66.61:8881,110.72.66.61,8881,CN,"Guangxi Zhuangzu"
123.5.146.152:8090,123.5.146.152,8090,CN,Henan
183.162.96.59:4000,183.162.96.59,4000,CN,Anhui
60.3.123.183:4022,60.3.123.183,4022,CN,Hebei
118.79.119.130:6001,118.79.119.130,6001,CN,Shanxi
120.6.121.44:8088,120.6.121.44,8088,CN,Hebei
183.191.118.65:8002,183.191.118.65,8002,CN,Shanxi
182.121.8.87:8090,182.121.8.87,8090,CN,Henan
113.102.83.99:4022,113.102.83.99,4022,CN,Guangdong
110.252.211.41:4022,110.252.211.41,4022,CN,Hebei
175.169.116.182:4022,175.169.116.182,4022,CN,Liaoning
14.109.231.193:8181,14.109.231.193,8181,CN,Chongqing
27.10.212.26:8001,27.10.212.26,8001,CN,Chongqing
113.64.197.119:19888,113.64.197.119,19888,CN,Guangdong
123.112.210.117:4022,123.112.210.117,4022,CN,Beijing
124.112.240.142:4022,124.112.240.142,4022,CN,Anhui
123.118.51.64:8686,123.118.51.64,8686,CN,Beijing
124.167.118.22:8084,124.167.118.22,8084,CN,Shanxi
58.240.90.196:1314,58.240.90.196,1314,CN,Jiangsu
171.217.81.28:8088,171.217.81.28,8088,CN,Sichuan
27.10.211.235:8003,27.10.211.235,8003,CN,Chongqing
60.168.27.175:4022,60.168.27.175,4022,CN,Anhui
27.18.35.149:6868,27.18.35.149,6868,CN,Hubei
27.11.250.130:8009,27.11.250.130,8009,CN,Chongqing
39.64.119.61:8888,39.64.119.61,8888,CN,Shandong
123.113.44.167:8888,123.113.44.167,8888,CN,Beijing
113.223.26.43:9000,113.223.26.43,9000,CN,Hunan
60.168.245.173:9090,60.168.245.173,9090,CN,Anhui
60.168.245.173:9090,60.168.245.173,9090,CN,Anhui
27.193.199.238:4000,27.193.199.238,4000,CN,Shandong
183.166.116.5:9000,183.166.116.5,9000,CN,Anhui
114.96.132.5:8888,114.96.132.5,8888,CN,Anhui
180.157.180.130:8889,180.157.180.130,8889,CN,Shanghai
119.123.175.3:22,119.123.175.3,22,CN,Guangdong
171.95.22.68:8888,171.95.22.68,8888,CN,Sichuan
171.213.133.52:8888,171.213.133.52,8888,CN,Sichuan
27.17.233.248:8888,27.17.233.248,8888,CN,Hubei
