host,country,fetched_at
https://221.219.26.93:49153,CN,2026-04-29 09:55:49
https://tv.bioweb.duckdns.org,KR,2026-04-29 09:55:49
151.203.75.48:49153,US,2026-04-29 09:55:49
79.116.195.102:8000,ES,2026-04-29 09:55:49
79.116.179.248:20000,ES,2026-04-29 09:55:49
165.255.15.242:9999,ZA,2026-04-29 09:55:49
nasmy.cn:34400,CN,2026-04-29 09:55:49
188.245.230.44:8000,DE,2026-04-29 09:55:49
79.116.195.102:10001,ES,2026-04-29 09:55:49
125.27.147.144:8088,TH,2026-04-29 09:55:49
144.24.131.5,IN,2026-04-29 09:55:49
117.30.198.84:9083,CN,2026-04-29 09:55:49
82.157.243.19:8090,CN,2026-04-29 09:55:49
https://xteve.dsgmobile.com,ES,2026-04-29 09:55:49
144.217.68.109:8181,CA,2026-04-29 09:55:49
88.156.92.126:8090,PL,2026-04-29 09:55:49
xteve.dsgmobile.com,ES,2026-04-29 09:55:49
tv.tasokoshi.duckdns.org,KR,2026-04-29 09:55:49
141.144.246.103:8080,DE,2026-04-29 09:55:49
83.49.229.253:8080,ES,2026-04-29 09:55:49
207.172.241.202:8080,US,2026-04-29 09:55:49
86.110.225.27:8080,SK,2026-04-29 09:55:49
141.145.204.13:8888,FR,2026-04-29 09:55:49
chelsea848.billy8484.top:34400,CN,2026-04-29 09:55:49
153.99.21.179:8989,CN,2026-04-29 09:55:49
46.4.77.157:4000,DE,2026-04-29 09:55:49
https://nas.ninescrolls.us:49153,CN,2026-04-29 09:55:49
kylesing.synology.me:5820,CN,2026-04-29 09:55:49
112.118.199.70:5820,CN,2026-04-29 09:55:49
https://router.suy.me:34443,CN,2026-04-29 09:55:49
79.112.81.191:10001,ES,2026-04-29 09:55:49
152.67.56.199:8082,BR,2026-04-29 09:55:49
125.26.212.167:8088,TH,2026-04-29 09:55:49
223.144.96.103:8094,CN,2026-04-29 09:55:49
140.250.254.185:8097,CN,2026-04-29 09:55:49
176.86.35.63:8080,ES,2026-04-29 09:55:49
132.145.95.65:1234,KR,2026-04-29 09:55:49
67.168.168.184:5050,US,2026-04-29 09:55:49
88.21.137.91:8080,ES,2026-04-29 09:55:49
https://xteve.christopherdalenc.synology.me,FR,2026-04-29 09:55:49
tv.bioweb.duckdns.org,KR,2026-04-29 09:55:49
144.52.207.124:8097,CN,2026-04-29 09:55:49
79.112.81.191:8000,ES,2026-04-29 09:55:49
iptv.kevinsserver.com,US,2026-04-29 09:55:49
https://tv.pressyou.duckdns.org,GB,2026-04-29 09:55:49
tv.pressyou.duckdns.org,GB,2026-04-29 09:55:49
131.106.232.234:8080,US,2026-04-29 09:55:49
211.225.62.76:5678,KR,2026-04-29 09:55:49
47.186.3.216:8111,US,2026-04-29 09:55:49
118.175.173.11:8088,TH,2026-04-29 09:55:49
ricky868527.vicp.cc:34400,CN,2026-04-29 09:55:49
https://tv.sixcenter.duckdns.org,KR,2026-04-29 09:55:49
https://yuenkxnas.myds.me,CN,2026-04-29 09:55:49
202.165.235.59:8099,PK,2026-04-29 09:55:49
1.69.140.107:32768,CN,2026-04-29 09:55:49
86.156.204.30:8080,GB,2026-04-29 09:55:49
140.238.24.75:1234,KR,2026-04-29 09:55:49
178.195.11.131:7778,CH,2026-04-29 09:55:49
140.250.254.121:8097,CN,2026-04-29 09:55:49
125.26.45.70:8088,TH,2026-04-29 09:55:49
140.238.70.134:1234,GB,2026-04-29 09:55:49
46.4.77.157:4002,DE,2026-04-29 09:55:49
47.93.47.174:443,CN,2026-04-29 09:55:49
86.142.219.99:32768,GB,2026-04-29 09:55:49
tv.onegst.duckdns.org,KR,2026-04-29 09:55:49
https://tv.onegst.duckdns.org,KR,2026-04-29 09:55:49
141.147.174.228:4433,JP,2026-04-29 09:55:49
tv.tasowow.duckdns.org,KR,2026-04-29 09:55:49
42.3.204.16:5820,CN,2026-04-29 09:55:49
123.145.181.24:3400,CN,2026-04-29 09:55:49
https://iptv.kevinsserver.com,US,2026-04-29 09:55:49
1.69.137.34:32768,CN,2026-04-29 09:55:49
153.99.21.91:8989,CN,2026-04-29 09:55:49
deltanas.i234.me:34400,CN,2026-04-29 09:55:49
140.238.8.34:1234,KR,2026-04-29 09:55:49
180.111.13.201:7171,CN,2026-04-29 09:55:49
79.112.40.129:20000,ES,2026-04-29 09:55:49
207.172.240.95:8080,US,2026-04-29 09:55:49
125.27.157.199:8088,TH,2026-04-29 09:55:49
https://tv.tasokoshi.duckdns.org,KR,2026-04-29 09:55:49
51.75.249.246:3333,FR,2026-04-29 09:55:49
tv.wowwoo.duckdns.org,KR,2026-04-29 09:55:49
94.131.135.165:32768,GR,2026-04-29 09:55:49
47.186.60.151:8111,US,2026-04-29 09:55:49
109.136.59.215:61616,BE,2026-04-29 09:55:49
153.99.21.156:8989,CN,2026-04-29 09:55:49
129.228.42.70:7000,US,2026-04-29 09:55:49
79.117.128.2:20000,ES,2026-04-29 09:55:49
88.19.51.201:8080,ES,2026-04-29 09:55:49
131.106.228.181:8080,US,2026-04-29 09:55:49
https://xteve.i-movie.cn:8088,CN,2026-04-29 09:55:49
https://xteve923.i-movie.cn:8088,CN,2026-04-29 09:55:49
125.26.77.246:8088,TH,2026-04-29 09:55:49
140.250.217.146:8097,CN,2026-04-29 09:55:49
81.151.85.186:9000,GB,2026-04-29 09:55:49
1.69.137.66:32768,CN,2026-04-29 09:55:49
180.111.13.202:7171,CN,2026-04-29 09:55:49
114.254.35.97:5678,CN,2026-04-29 09:55:49
tv.sixcenter.duckdns.org,KR,2026-04-29 09:55:49
131.106.232.15:8080,US,2026-04-29 09:55:49
79.112.37.184:20000,RO,2026-04-29 09:55:49
125.26.77.207:8088,TH,2026-04-29 09:55:49
https://tv.wowwoo.duckdns.org,KR,2026-04-29 09:55:49
153.99.59.110:8989,CN,2026-04-29 09:55:49
192.235.224.240:8080,CA,2026-04-29 09:55:49
kcw2002.iptime.org:7778,KR,2026-04-29 09:55:49
us.199301.xyz:34400,CN,2026-04-29 09:55:49
153.99.59.157:8989,CN,2026-04-29 09:55:49
75.247.65.73:32400,US,2026-04-29 09:55:49
https://xteve.top,US,2026-04-29 09:55:49
xteve.top,US,2026-04-29 09:55:49
188.82.69.106:8081,PT,2026-04-29 09:55:49
132.145.87.2:1234,KR,2026-04-29 09:55:49
153.99.59.155:8989,CN,2026-04-29 09:55:49
117.88.203.131:7171,CN,2026-04-29 09:55:49
103.198.93.155:8887,ID,2026-04-29 09:55:49
125.27.149.145:8088,TH,2026-04-29 09:55:49
207.172.245.115:8080,US,2026-04-29 09:55:49
153.99.59.226:8989,CN,2026-04-29 09:55:49
125.27.144.196:8088,TH,2026-04-29 09:55:49
180.111.13.203:7171,CN,2026-04-29 09:55:49
218.1.222.149:5006,CN,2026-04-29 09:55:49
86.149.54.158:9000,GB,2026-04-29 09:55:49
153.99.21.100:8989,CN,2026-04-29 09:55:49
125.27.151.12:8088,TH,2026-04-29 09:55:49
67.161.193.132:32768,US,2026-04-29 09:55:49
152.67.223.113:1234,KR,2026-04-29 09:55:49
223.144.96.105:8094,CN,2026-04-29 09:55:49
180.111.13.212:7171,CN,2026-04-29 09:55:49
117.147.86.131:7777,CN,2026-04-29 09:55:49
59.57.162.121:9083,CN,2026-04-29 09:55:49
125.26.45.212:8088,TH,2026-04-29 09:55:49
125.27.148.102:8088,TH,2026-04-29 09:55:49
217.76.56.215:8080,DE,2026-04-29 09:55:49
219.156.55.46:3000,CN,2026-04-29 09:55:49
125.27.144.79:8088,TH,2026-04-29 09:55:49
59.57.232.128:9083,CN,2026-04-29 09:55:49
https://tv.marinovi.win,FR,2026-04-29 09:55:49
180.110.41.139:7171,CN,2026-04-29 09:55:49
218.1.218.115:5006,CN,2026-04-29 09:55:49
24.22.153.48:5050,US,2026-04-29 09:55:49
74.208.171.156:7000,US,2026-04-29 09:55:49
211.210.196.157:7778,KR,2026-04-29 09:55:49
151.203.76.210:49153,US,2026-04-29 09:55:49
83.51.209.78:8080,ES,2026-04-29 09:55:49
125.27.148.134:8088,TH,2026-04-29 09:55:49
136.32.190.19:8080,US,2026-04-29 09:55:49
153.99.58.146:8989,CN,2026-04-29 09:55:49
47.189.157.50:8111,US,2026-04-29 09:55:49
https://heminglei.world:34401,CN,2026-04-29 09:55:49
125.27.144.192:8088,TH,2026-04-29 09:55:49
180.165.21.31:5006,CN,2026-04-29 09:55:49
112.10.214.28:7777,CN,2026-04-29 09:55:49
91.65.91.133:49156,DE,2026-04-29 09:55:49
178.116.160.36:8081,BE,2026-04-29 09:55:49
125.26.221.198:8088,TH,2026-04-29 09:55:49
144.91.120.209:1983,DE,2026-04-29 09:55:49
31.201.33.117:1973,NL,2026-04-29 09:55:49
125.26.211.210:8088,TH,2026-04-29 09:55:49
223.144.96.4:8094,CN,2026-04-29 09:55:49
https://skywolf.lynn.org.cn,US,2026-04-29 09:55:49
153.99.58.18:8989,CN,2026-04-29 09:55:49
116.232.193.169:5006,CN,2026-04-29 09:55:49
112.10.214.20:7777,CN,2026-04-29 09:55:49
90.247.81.16:49154,GB,2026-04-29 09:55:49
45.131.79.47:12345,NL,2026-04-29 09:55:49
45.131.79.46:12345,NL,2026-04-29 09:55:49
27.154.199.212:9083,CN,2026-04-29 09:55:49
90.251.229.176:49154,GB,2026-04-29 09:55:49
120.41.224.87:9083,CN,2026-04-29 09:55:49
https://103.213.4.80,US,2026-04-29 09:55:49
45.131.79.48:12345,NL,2026-04-29 09:55:49
45.131.79.45:12345,NL,2026-04-29 09:55:49
45.131.79.49:12345,NL,2026-04-29 09:55:49
135.125.142.208:8881,DE,2026-04-29 09:55:49
68.89.233.110:8080,US,2026-04-29 09:55:49
45.131.79.66:16101,NL,2026-04-29 09:55:49
45.131.79.69:16101,NL,2026-04-29 09:55:49
45.131.79.68:16101,NL,2026-04-29 09:55:49
46.4.77.157:4003,DE,2026-04-29 09:55:49
skywolf.lynn.org.cn,US,2026-04-29 09:55:49
https://xteve.snahp.top,US,2026-04-29 09:55:49
xteve.snahp.top,US,2026-04-29 09:55:49
125.26.69.115:8088,TH,2026-04-29 09:55:49
92.106.144.202:7778,CH,2026-04-29 09:55:49
124.72.62.76:9083,CN,2026-04-29 09:55:49
195.22.134.146:8086,GB,2026-04-29 09:55:49
mtt.zcbp.cn:9083,CN,2026-04-29 09:55:49
124.126.206.30:18089,CN,2026-04-29 09:55:49
https://swmaterial.com:20031,CN,2026-04-29 09:55:49
xteve.donleynexus.com,US,2026-04-29 09:55:49
https://xteve.donleynexus.com,US,2026-04-29 09:55:49
47.198.141.26:50000,US,2026-04-29 09:55:49
124.72.63.84:9083,CN,2026-04-29 09:55:49
46.232.211.27:12134,NL,2026-04-29 09:55:49
46.232.211.19:12134,NL,2026-04-29 09:55:49
132.226.229.227:10080,KR,2026-04-29 09:55:49
https://xteve.mycloud.dp.ua,UA,2026-04-29 09:55:49
xteve.mycloud.dp.ua,UA,2026-04-29 09:55:49
202.165.235.232:8099,PK,2026-04-29 09:55:49
180.158.202.121:5006,CN,2026-04-29 09:55:49
https://113.95.137.226:20031,CN,2026-04-29 09:55:49
118.175.170.36:8088,TH,2026-04-29 09:55:49
46.232.210.65:18100,NL,2026-04-29 09:55:49
46.232.210.16:18100,NL,2026-04-29 09:55:49
45.131.79.67:16101,NL,2026-04-29 09:55:49
https://iptv.celenk.org,TR,2026-04-29 09:55:49
https://xteve.accureflow.com,IR,2026-04-29 09:55:49
xteve.accureflow.com,IR,2026-04-29 09:55:49
112.53.107.26:9528,CN,2026-04-29 09:55:49
45.86.221.191:12134,NL,2026-04-29 09:55:49
67.161.193.132:32770,US,2026-04-29 09:55:49
https://flux.itechcloud.fr,FR,2026-04-29 09:55:49
46.232.210.25:18100,NL,2026-04-29 09:55:49
119.51.76.4:98,CN,2026-04-29 09:55:49
45.131.79.65:16101,NL,2026-04-29 09:55:49
46.232.211.17:12134,NL,2026-04-29 09:55:49
209.141.59.160:30025,US,2026-04-29 09:55:49
153.34.164.37:3003,CN,2026-04-29 09:55:49
62.146.228.165:7856,DE,2026-04-29 09:55:49
https://www.laozhou.space:94,CN,2026-04-29 09:55:49
124.72.62.162:9083,CN,2026-04-29 09:55:49
112.10.214.26:7777,CN,2026-04-29 09:55:49
153.99.21.46:8989,CN,2026-04-29 09:55:49
125.26.66.253:8088,TH,2026-04-29 09:55:49
46.232.210.15:18100,NL,2026-04-29 09:55:49
114.254.35.189:5678,CN,2026-04-29 09:55:49
81.78.82.155:49154,GB,2026-04-29 09:55:49
125.77.240.234:9083,CN,2026-04-29 09:55:49
xteve.corilde.com,ES,2026-04-29 09:55:49
https://xteve.corilde.com,ES,2026-04-29 09:55:49
https://xteve.patenaudepc.us,US,2026-04-29 09:55:49
xteve.patenaudepc.us,US,2026-04-29 09:55:49
xteve.yhlee.net,CN,2026-04-29 09:55:49
https://xteve.yhlee.net,CN,2026-04-29 09:55:49
xteve.pve-lil1.rigidd.app,FI,2026-04-29 09:55:49
https://xteve.pve-lil1.rigidd.app,FI,2026-04-29 09:55:49
https://by1tl.mgno.site,US,2026-04-29 09:55:49
https://xteve.techgo.gg,AU,2026-04-29 09:55:49
125.27.146.252:8088,TH,2026-04-29 09:55:49
114.254.33.26:5678,CN,2026-04-29 09:55:49
tv.kinte.net,US,2026-04-29 09:55:49
https://tv.kinte.net,US,2026-04-29 09:55:49
lote27.synology.me:8081,PT,2026-04-29 09:55:49
xteve.cineworld.ovh,US,2026-04-29 09:55:49
https://xteve.cineworld.ovh,US,2026-04-29 09:55:49
https://xteve.kowkemedia.com,NL,2026-04-29 09:55:49
xteve.kowkemedia.com,NL,2026-04-29 09:55:49
95.23.106.87:8097,ES,2026-04-29 09:55:49
https://xteve.lele-tv.com,US,2026-04-29 09:55:49
xteve.lele-tv.com,US,2026-04-29 09:55:49
https://xteve.knightmare.org.uk,GB,2026-04-29 09:55:49
xteve.knightmare.org.uk,GB,2026-04-29 09:55:49
https://xteve.szepe.sk,US,2026-04-29 09:55:49
xteve.szepe.sk,US,2026-04-29 09:55:49
142.126.35.228:6500,CA,2026-04-29 09:55:49
https://xteve.luc-blanc.com,FR,2026-04-29 09:55:49
xteve.luc-blanc.com,FR,2026-04-29 09:55:49
45.86.221.80:18100,NL,2026-04-29 09:55:49
https://113.95.137.154:20031,CN,2026-04-29 09:55:49
https://113.95.141.110:20031,CN,2026-04-29 09:55:49
67.183.213.197:5050,US,2026-04-29 09:55:49
112.10.214.22:7777,CN,2026-04-29 09:55:49
46.232.210.26:18100,NL,2026-04-29 09:55:49
https://xteve.primevault.media,FR,2026-04-29 09:55:49
xteve.primevault.media,FR,2026-04-29 09:55:49
109.128.253.80:44400,BE,2026-04-29 09:55:49
118.175.170.202:8088,TH,2026-04-29 09:55:49
xteve.jeffs.me,US,2026-04-29 09:55:49
https://xteve.jeffs.me,US,2026-04-29 09:55:49
https://tv.tasowow.duckdns.org,KR,2026-04-29 09:55:49
180.158.139.76:5006,CN,2026-04-29 09:55:49
86.152.114.133:9000,GB,2026-04-29 09:55:49
www.cdwnst.top:34400,CN,2026-04-29 09:55:49
101.108.91.184:8088,TH,2026-04-29 09:55:49
xteve.feardubin.xyz,DE,2026-04-29 09:55:49
https://xteve.feardubin.xyz,DE,2026-04-29 09:55:49
46.4.77.157:4005,DE,2026-04-29 09:55:49
https://www.swmaterial.com:20031,CN,2026-04-29 09:55:49
81.78.120.170:49154,GB,2026-04-29 09:55:49
47.198.54.245:50000,US,2026-04-29 09:55:49
83.56.232.8:12345,ES,2026-04-29 09:55:49
66.215.3.82:32798,US,2026-04-29 09:55:49
https://xteve.tv.ncbr.wtf,CA,2026-04-29 09:55:49
xteve.tv.ncbr.wtf,CA,2026-04-29 09:55:49
46.4.77.157:4004,DE,2026-04-29 09:55:49
45.87.251.139:5088,NL,2026-04-29 09:55:49
46.232.211.29:12400,NL,2026-04-29 09:55:49
180.158.202.176:5006,CN,2026-04-29 09:55:49
96.241.104.98:32801,US,2026-04-29 09:55:49
46.232.211.47:12400,NL,2026-04-29 09:55:49
46.232.211.38:12400,NL,2026-04-29 09:55:49
46.232.211.39:12400,NL,2026-04-29 09:55:49
45.18.22.97:32798,US,2026-04-29 09:55:49
125.26.68.145:8088,TH,2026-04-29 09:55:49
46.232.211.37:12400,NL,2026-04-29 09:55:49
epg.xelflix.com,NL,2026-04-29 09:55:49
https://epg.xelflix.com,NL,2026-04-29 09:55:49
45.86.221.246:12400,NL,2026-04-29 09:55:49
176.174.82.110:5665,FR,2026-04-29 09:55:49
76.174.199.49:32798,US,2026-04-29 09:55:49
185.21.217.11:12415,GB,2026-04-29 09:55:49
https://xteve.mishkasmovies.com,US,2026-04-29 09:55:49
153.99.21.25:8989,CN,2026-04-29 09:55:49
119.176.121.232:5238,CN,2026-04-29 09:55:49
canicula718.synology.me:34400,CN,2026-04-29 09:55:49
90.253.227.216:49154,GB,2026-04-29 09:55:49
https://plex.webswerve.com,US,2026-04-29 09:55:49
plex.webswerve.com,US,2026-04-29 09:55:49
swerveplex.eastus2.cloudapp.azure.com,US,2026-04-29 09:55:49
iptv.furcom.dev,US,2026-04-29 09:55:49
219.156.55.250:3000,CN,2026-04-29 09:55:49
114.241.61.182:49156,CN,2026-04-29 09:55:49
223.144.96.145:8094,CN,2026-04-29 09:55:49
31.49.105.198:9000,GB,2026-04-29 09:55:49
125.27.159.216:8088,TH,2026-04-29 09:55:49
223.144.96.153:8094,CN,2026-04-29 09:55:49
iptv.celenk.org,TR,2026-04-29 09:55:49
https://jf2.streamit.info,CA,2026-04-29 09:55:49
jf2.streamit.info,CA,2026-04-29 09:55:49
207.172.247.77:8080,US,2026-04-29 09:55:49
90.243.53.93:49154,GB,2026-04-29 09:55:49
iptv.pd1.pl,PL,2026-04-29 09:55:49
https://iptv.pd1.pl,PL,2026-04-29 09:55:49
219.156.48.95:3000,CN,2026-04-29 09:55:49
131.106.232.247:8080,US,2026-04-29 09:55:49
nas.netwalksimon.top:34400,CN,2026-04-29 09:55:49
223.144.96.66:8094,CN,2026-04-29 09:55:49
kava.uf0.space,EE,2026-04-29 09:55:49
https://kava.uf0.space,EE,2026-04-29 09:55:49
81.151.86.96:9000,GB,2026-04-29 09:55:49
112.10.214.30:7777,CN,2026-04-29 09:55:49
81.78.65.214:49154,GB,2026-04-29 09:55:49
124.72.83.237:9083,CN,2026-04-29 09:55:49
52.167.132.193,US,2026-04-29 09:55:49
125.46.135.65:3000,CN,2026-04-29 09:55:49
75.247.76.244:32400,US,2026-04-29 09:55:49
81.78.247.32:49154,GB,2026-04-29 09:55:49
46.232.211.28:12134,NL,2026-04-29 09:55:49
46.232.211.18:12134,NL,2026-04-29 09:55:49
79.116.34.36:20000,ES,2026-04-29 09:55:49
154.40.52.148:30025,JP,2026-04-29 09:55:49
47.186.15.243:8111,US,2026-04-29 09:55:49
kyo0730.duckdns.org:34400,KR,2026-04-29 09:55:49
223.144.96.104:8094,CN,2026-04-29 09:55:49
47.94.232.178:443,CN,2026-04-29 09:55:49
27.154.86.30:9083,CN,2026-04-29 09:55:49
125.46.135.82:3000,CN,2026-04-29 09:55:49
185.162.184.39:16661,NL,2026-04-29 09:55:49
70.109.61.151:32801,US,2026-04-29 09:55:49
124.72.84.114:9083,CN,2026-04-29 09:55:49
112.10.214.10:7777,CN,2026-04-29 09:55:49
113.119.9.166:44400,CN,2026-04-29 09:55:49
149.107.36.166:32768,US,2026-04-29 09:55:49
https://iptv.nielsenitz.de,US,2026-04-29 09:55:49
iptv.nielsenitz.de,US,2026-04-29 09:55:49
153.99.21.135:8989,CN,2026-04-29 09:55:49
169.150.243.2:12165,SG,2026-04-29 09:55:49
81.78.81.185:49154,GB,2026-04-29 09:55:49
101.109.90.196:8088,TH,2026-04-29 09:55:49
140.250.207.26:8097,CN,2026-04-29 09:55:49
125.26.63.93:8088,TH,2026-04-29 09:55:49
101.108.173.179:8088,TH,2026-04-29 09:55:49
124.72.85.202:9083,CN,2026-04-29 09:55:49
223.144.96.54:8094,CN,2026-04-29 09:55:49
84.71.129.146:49154,GB,2026-04-29 09:55:49
47.205.216.163:50000,US,2026-04-29 09:55:49
58.152.182.23:5820,CN,2026-04-29 09:55:49
112.10.214.8:7777,CN,2026-04-29 09:55:49
123.7.226.46:3000,CN,2026-04-29 09:55:49
101.108.204.82:8088,TH,2026-04-29 09:55:49
45.86.221.228:16066,NL,2026-04-29 09:55:49
46.232.210.242:16066,NL,2026-04-29 09:55:49
83.56.195.24:12345,ES,2026-04-29 09:55:49
46.232.210.243:16066,NL,2026-04-29 09:55:49
46.232.210.241:16066,NL,2026-04-29 09:55:49
46.232.210.240:16066,NL,2026-04-29 09:55:49
46.232.210.244:16066,NL,2026-04-29 09:55:49
https://mle19.bot.nu,US,2026-04-29 09:55:49
219.156.29.65:3000,CN,2026-04-29 09:55:49
153.99.21.172:8989,CN,2026-04-29 09:55:49
81.78.93.249:49154,GB,2026-04-29 09:55:49
114.221.95.143:12400,CN,2026-04-29 09:55:49
119.3.167.204:31223,CN,2026-04-29 09:55:49
158.140.175.101:8887,ID,2026-04-29 09:55:49
213.34.240.29:8000,NL,2026-04-29 09:55:49
160.155.183.226:32768,CI,2026-04-29 09:55:49
117.11.73.197:34400,CN,2026-04-29 09:55:49
112.10.214.23:7777,CN,2026-04-29 09:55:49
79.116.56.200:20000,ES,2026-04-29 09:55:49
https://iptv.iizo.duckdns.org,LK,2026-04-29 09:55:49
24.132.188.50:12345,NL,2026-04-29 09:55:49
125.24.35.171:8088,TH,2026-04-29 09:55:49
103.204.2.24:8080,NZ,2026-04-29 09:55:49
101.108.17.48:8088,TH,2026-04-29 09:55:49
88.99.149.50:8085,DE,2026-04-29 09:55:49
218.1.140.98:5003,CN,2026-04-29 09:55:49
153.99.57.161:8989,CN,2026-04-29 09:55:49
125.24.65.105:8088,TH,2026-04-29 09:55:49
157.20.113.126:8080,-,2026-04-29 09:55:49
83.106.82.50:49154,GB,2026-04-29 09:55:49
223.144.96.82:8094,CN,2026-04-29 09:55:49
117.30.59.39:9083,CN,2026-04-29 09:55:49
112.10.214.17:7777,CN,2026-04-29 09:55:49
101.109.91.49:8088,TH,2026-04-29 09:55:49
24.132.188.50:12500,NL,2026-04-29 09:55:49
tv.zkrpt.uk,US,2026-04-29 09:55:49
https://tv.zkrpt.uk,US,2026-04-29 09:55:49
207.172.242.37:8080,US,2026-04-29 09:55:49
153.99.21.77:8989,CN,2026-04-29 09:55:49
81.78.114.18:49154,GB,2026-04-29 09:55:49
79.112.4.245:20000,RO,2026-04-29 09:55:49
1.10.224.243:8088,TH,2026-04-29 09:55:49
83.106.67.145:49154,GB,2026-04-29 09:55:49
114.254.73.91:34400,CN,2026-04-29 09:55:49
222.218.213.123:10001,CN,2026-04-29 09:55:49
112.10.214.11:7777,CN,2026-04-29 09:55:49
79.117.25.70:20000,ES,2026-04-29 09:55:49
101.108.21.58:8088,TH,2026-04-29 09:55:49
185.162.184.7:30174,NL,2026-04-29 09:55:49
194.9.172.204:8888,FR,2026-04-29 09:55:49
223.144.96.72:8094,CN,2026-04-29 09:55:49
https://xteve.urbansprawler.com,AU,2026-04-29 09:55:49
xteve.urbansprawler.com,AU,2026-04-29 09:55:49
209.122.6.237:8080,US,2026-04-29 09:55:49
27.154.215.212:9083,CN,2026-04-29 09:55:49
42.2.73.57:5820,CN,2026-04-29 09:55:49
178.116.164.90:8081,BE,2026-04-29 09:55:49
153.99.21.112:8989,CN,2026-04-29 09:55:49
47.160.80.155,US,2026-04-29 09:55:49
84.71.181.73:49154,GB,2026-04-29 09:55:49
112.10.214.25:7777,CN,2026-04-29 09:55:49
202.165.235.13:8099,PK,2026-04-29 09:55:49
222.218.212.13:10001,CN,2026-04-29 09:55:49
47.187.26.35,US,2026-04-29 09:55:49
195.154.194.136:34400,FR,2026-04-29 09:55:49
112.10.214.29:7777,CN,2026-04-29 09:55:49
83.106.70.108:49154,GB,2026-04-29 09:55:49
222.218.213.160:10001,CN,2026-04-29 09:55:49
153.99.21.222:8989,CN,2026-04-29 09:55:49
125.26.220.104:8088,TH,2026-04-29 09:55:49
139.210.247.182:98,CN,2026-04-29 09:55:49
46.232.210.220:12201,NL,2026-04-29 09:55:49
46.232.210.223:12201,NL,2026-04-29 09:55:49
46.232.210.224:12201,NL,2026-04-29 09:55:49
46.232.210.221:12201,NL,2026-04-29 09:55:49
112.10.214.16:7777,CN,2026-04-29 09:55:49
46.232.210.222:12201,NL,2026-04-29 09:55:49
45.86.221.119:12201,NL,2026-04-29 09:55:49
112.10.214.2:7777,CN,2026-04-29 09:55:49
180.165.223.187:5003,CN,2026-04-29 09:55:49
222.218.212.231:10001,CN,2026-04-29 09:55:49
169.150.243.1:12165,SG,2026-04-29 09:55:49
45.22.22.8:8080,US,2026-04-29 09:55:49
169.150.219.151:12151,CA,2026-04-29 09:55:49
169.150.219.152:12151,CA,2026-04-29 09:55:49
